Date;Station1;Station2;Station3;Station4;Station5;Station6;Station7;Station8;Station9;Station10;Station11;Station12;Station13;Station14;Station15;Station16;Station17;Station18;Station19;Station20;Station21;Station22;Station23;Station24;Station25;Station26;Station27;Station28;Station29;Station30;Station31;Station32;Station33;Station34;Station35;Station36;Station37;Station38;Station39;Station40;Station41;Station42;Station43;Station44;Station45;Station46;Station47;Station48;Station49;Station50;Station51;Station52;Station53;Station54;Station55;Station56;Station57;Station58
01/01/2006;0;0;0;0;0;0;0;0;0;0;0;0;0;0;0;0;0;0;0;0;0;0;0;0;0;0;0;0;0;0;0;0;0;0;0;0;0;0;0;0;0;0;0;0;0;0;0;0;0;0;0;0;0;0;0;0;0;0
02/01/2006;4.13;3.06;4.644;4.806;4.861;4.905;4.829;5.05;4.945;4.531;5.171;4.845;4.972;4.555;4.952;4.771;4.943;4.842;4.649;5.125;4.548;4.957;5.016;4.629;4.96;5.092;4.906;4.827;4.95;4.999;4.723;4.78;4.704;4.675;4.681;4.489;4.435;5.589;5.186;4.95;4.91;5.059;4.177;4.722;4.943;5.696;4.408;5.906;3.832;4.131;3.203;4.666;3.818;2.758;4.259;5.179;4.222;4.488
03/01/2006;8.512;8.412;8.555;8.701;8.928;9.064;8.717;9.338;8.954;8.435;9.526;9.133;8.585;8.443;8.557;9.04;8.745;9.099;8.408;9.448;8.439;8.784;9.201;8.383;8.539;9.373;8.5;8.387;9.189;8.31;9.011;8.99;8.358;8.445;8.912;8.484;8.557;8.809;8.72;8.375;8.315;8.186;8.326;8.552;8.672;8.822;8.635;8.756;8.458;8.741;8.548;9.023;8.741;8.453;8.511;9.523;8.416;8.582
04/01/2006;11.106;10.501;11.388;11.515;11.707;11.831;11.534;12.106;11.765;11.201;12.304;11.869;11.503;11.222;11.477;11.768;11.608;11.844;11.243;12.228;11.211;11.646;11.986;11.21;11.469;12.155;11.42;11.304;11.949;11.306;11.718;11.738;11.226;11.288;11.636;11.228;11.263;12.051;11.777;11.346;11.283;11.243;10.945;11.404;11.612;12.12;11.333;12.19;10.902;11.25;10.664;11.704;11.092;10.377;11.119;12.307;11.038;11.313
05/01/2006;9.669;9.957;9.783;13.528;14.753;15.383;13.827;16.602;14.951;11.412;17.463;14.875;13.304;11.252;12.907;14.221;14.009;14.608;11.02;16.899;11.46;14.068;15.961;11.135;12.757;16.622;12.218;11.398;15.721;12.2;14.34;13.803;11.067;10.912;13.249;11.114;11.103;10.003;10.27;11.774;11.432;11.617;11.14;10.737;10.664;9.695;10.136;8.433;10.441;12.163;10.969;14.166;12.498;10.642;12.199;17.429;11.341;10.916
06/01/2006;6.216;6.185;6.27;7.119;7.626;7.912;7.192;8.475;7.691;6.412;8.863;7.912;6.924;6.392;6.817;7.68;7.255;7.82;6.302;8.666;6.424;7.315;8.185;6.291;6.767;8.521;6.622;6.335;8.13;6.372;7.664;7.539;6.243;6.329;7.345;6.424;6.517;6.596;6.546;6.381;6.245;6.107;6.239;6.433;6.565;6.553;6.445;6.234;6.298;6.955;6.533;7.652;7.028;6.373;6.662;8.854;6.388;6.514
07/01/2006;6.721;7.247;6.189;2.74;2.33;2.181;2.47;1.863;2.134;4.16;1.591;3.047;2.315;4.328;2.632;3.432;2.265;3.188;4.321;1.914;4.106;2.343;2.008;4.124;2.705;1.935;3.162;3.642;2.282;2.311;3.244;3.647;4.006;4.549;4.019;4.715;5.078;5.906;5.735;3.066;3.222;2.345;4.408;5.107;5.414;6.152;6.416;6.943;6.053;5.077;6.589;3.541;5.088;7.055;3.969;1.608;4.512;5.313
08/01/2006;0;0;0;0;0;0;0;0;0;0;0;0;0;0;0;0;0;0;0;0;0;0;0;0;0;0;0;0;0;0;0;0;0;0;0;0;0;0;0;0;0;0;0;0;0;0;0;0;0;0;0;0;0;0;0;0;0;0
09/01/2006;0;0;0;0;0;0;0;0;0;0;0;0;0;0;0;0;0;0;0;0;0;0;0;0;0;0;0;0;0;0;0;0;0;0;0;0;0;0;0;0;0;0;0;0;0;0;0;0;0;0;0;0;0;0;0;0;0;0
10/01/2006;0;0;0;0;0;0;0;0;0;0;0;0;0;0;0;0;0;0;0;0;0;0;0;0;0;0;0;0;0;0;0;0;0;0;0;0;0;0;0;0;0;0;0;0;0;0;0;0;0;0;0;0;0;0;0;0;0;0
11/01/2006;0;0;0;0;0;0;0;0;0;0;0;0;0;0;0;0;0;0;0;0;0;0;0;0;0;0;0;0;0;0;0;0;0;0;0;0;0;0;0;0;0;0;0;0;0;0;0;0;0;0;0;0;0;0;0;0;0;0
12/01/2006;0;0;0;0;0;0;0;0;0;0;0;0;0;0;0;0;0;0;0;0;0;0;0;0;0;0;0;0;0;0;0;0;0;0;0;0;0;0;0;0;0;0;0;0;0;0;0;0;0;0;0;0;0;0;0;0;0;0
13/01/2006;0;0;0;0;0;0;0;0;0;0;0;0;0;0;0;0;0;0;0;0;0;0;0;0;0;0;0;0;0;0;0;0;0;0;0;0;0;0;0;0;0;0;0;0;0;0;0;0;0;0;0;0;0;0;0;0;0;0
14/01/2006;0;0;0;0;0;0;0;0;0;0;0;0;0;0;0;0;0;0;0;0;0;0;0;0;0;0;0;0;0;0;0;0;0;0;0;0;0;0;0;0;0;0;0;0;0;0;0;0;0;0;0;0;0;0;0;0;0;0
15/01/2006;0;0;0;0;0;0;0;0;0;0;0;0;0;0;0;0;0;0;0;0;0;0;0;0;0;0;0;0;0;0;0;0;0;0;0;0;0;0;0;0;0;0;0;0;0;0;0;0;0;0;0;0;0;0;0;0;0;0
16/01/2006;0;0;0;0;0;0;0;0;0;0;0;0;0;0;0;0;0;0;0;0;0;0;0;0;0;0;0;0;0;0;0;0;0;0;0;0;0;0;0;0;0;0;0;0;0;0;0;0;0;0;0;0;0;0;0;0;0;0
17/01/2006;0;0;0;0;0;0;0;0;0;0;0;0;0;0;0;0;0;0;0;0;0;0;0;0;0;0;0;0;0;0;0;0;0;0;0;0;0;0;0;0;0;0;0;0;0;0;0;0;0;0;0;0;0;0;0;0;0;0
18/01/2006;0;0;0;0;0;0;0;0;0;0;0;0;0;0;0;0;0;0;0;0;0;0;0;0;0;0;0;0;0;0;0;0;0;0;0;0;0;0;0;0;0;0;0;0;0;0;0;0;0;0;0;0;0;0;0;0;0;0
19/01/2006;0;0;0;0;0;0;0;0;0;0;0;0;0;0;0;0;0;0;0;0;0;0;0;0;0;0;0;0;0;0;0;0;0;0;0;0;0;0;0;0;0;0;0;0;0;0;0;0;0;0;0;0;0;0;0;0;0;0
20/01/2006;0;0;0;0;0;0;0;0;0;0;0;0;0;0;0;0;0;0;0;0;0;0;0;0;0;0;0;0;0;0;0;0;0;0;0;0;0;0;0;0;0;0;0;0;0;0;0;0;0;0;0;0;0;0;0;0;0;0
21/01/2006;0;0;0;0;0;0;0;0;0;0;0;0;0;0;0;0;0;0;0;0;0;0;0;0;0;0;0;0;0;0;0;0;0;0;0;0;0;0;0;0;0;0;0;0;0;0;0;0;0;0;0;0;0;0;0;0;0;0
22/01/2006;0;0;0;0;0;0;0;0;0;0;0;0;0;0;0;0;0;0;0;0;0;0;0;0;0;0;0;0;0;0;0;0;0;0;0;0;0;0;0;0;0;0;0;0;0;0;0;0;0;0;0;0;0;0;0;0;0;0
23/01/2006;0;0;0;0;0;0;0;0;0;0;0;0;0;0;0;0;0;0;0;0;0;0;0;0;0;0;0;0;0;0;0;0;0;0;0;0;0;0;0;0;0;0;0;0;0;0;0;0;0;0;0;0;0;0;0;0;0;0
24/01/2006;0;0;0;0;0;0;0;0;0;0;0;0;0;0;0;0;0;0;0;0;0;0;0;0;0;0;0;0;0;0;0;0;0;0;0;0;0;0;0;0;0;0;0;0;0;0;0;0;0;0;0;0;0;0;0;0;0;0
25/01/2006;13.503;12.312;14.073;14.851;15.697;16.21;14.936;17.284;15.858;13.657;18.036;16.363;14.598;13.695;14.47;15.969;15.129;16.236;13.649;17.719;13.686;15.27;16.774;13.555;14.411;17.433;14.213;13.741;16.67;13.663;15.837;15.791;13.529;13.785;15.43;13.772;13.966;15.694;15.082;13.819;13.573;13.28;12.997;14.168;14.742;15.809;14.156;15.707;13.118;14.369;12.919;15.824;14.126;12.23;13.721;18.034;13.34;14.084
26/01/2006;14.884;15.438;15.102;21.663;23.255;24.016;22.177;25.474;23.567;18.477;26.53;22.842;21.652;18.161;20.995;21.892;22.461;22.45;17.862;25.707;18.559;22.454;24.699;18.149;20.774;25.414;19.878;18.681;24.271;20.459;22.192;21.273;18.121;17.555;20.456;17.757;17.497;14.979;15.643;19.452;18.99;19.774;18.211;16.909;16.459;14.396;15.448;12.309;16.404;18.814;16.94;21.813;19.354;16.501;19.63;26.476;18.318;17.083
27/01/2006;5.984;5.073;6.71;9.885;9.798;9.657;10.129;9.422;9.983;8.934;9.329;8.605;10.671;8.763;10.411;8.394;10.334;8.543;8.905;9.16;8.988;10.176;9.577;9.147;10.384;9.294;9.992;9.731;9.295;11.328;8.622;8.304;9.366;8.609;8.056;8.245;7.686;6.95;7.092;10.401;10.362;11.616;8.734;7.835;7.38;6.739;6.163;6.229;6.596;7.085;5.494;8.264;6.893;4.991;8.788;9.322;8.448;7.425
28/01/2006;22.564;22.398;22.244;18.191;18.572;18.937;17.897;19.674;18.443;18.933;20.113;20.371;17.218;19.206;17.527;20.491;17.781;20.423;19.099;20.222;18.884;18.05;19.301;18.719;17.56;19.932;18;18.165;19.598;16.111;20.092;20.584;18.489;19.57;20.735;19.873;20.638;23.31;22.535;17.385;17.337;15.686;18.674;20.787;21.792;23.745;22.77;24.654;21.302;21.242;22.11;20.524;21.115;22.167;18.859;20.13;19.201;21.085
29/01/2006;17.893;18.1;18.582;28.852;30.874;31.786;29.655;33.555;31.382;24.186;34.878;29.682;29.271;23.682;28.274;28.331;30.137;29.14;23.373;33.715;24.322;30.042;32.633;23.878;27.972;33.408;26.592;24.892;31.92;28.081;28.845;27.478;23.963;22.811;26.279;22.871;22.227;18.566;19.5;26.263;25.641;27.349;23.727;21.548;20.717;17.693;18.729;14.705;20.201;23.605;20.285;28.156;24.198;19.433;25.601;34.804;23.709;21.547
30/01/2006;17.112;17.826;16.703;16.531;17.3;17.767;16.526;18.65;17.287;15.991;19.223;18.241;15.847;16.027;15.808;18.015;16.493;18.134;15.802;19.02;15.981;16.643;18.168;15.688;15.744;18.76;15.718;15.432;18.23;14.739;17.91;17.843;15.497;15.96;17.698;16.321;16.718;16.756;16.76;15.17;14.999;14.203;15.943;16.432;16.747;16.747;17.278;16.423;17.071;17.729;18.11;18.067;18.026;18.242;16.516;19.21;16.272;16.808
31/01/2006;2.574;3.225;2.183;1.139;0.99;0.922;1.052;0.755;0.895;1.674;0.616;1.19;0.946;1.709;1.045;1.335;0.94;1.232;1.664;0.731;1.651;0.954;0.817;1.62;1.063;0.755;1.217;1.392;0.925;0.943;1.307;1.393;1.552;1.715;1.547;1.847;1.97;1.652;1.797;1.174;1.239;0.929;1.913;1.845;1.822;1.67;2.354;1.796;2.529;2.105;2.969;1.416;2.255;3.311;1.745;0.617;1.917;2.011
01/02/2006;19.717;19.169;19.028;7.625;6.383;5.992;6.755;5.27;5.897;11.828;4.638;8.832;6.513;12.458;7.548;9.97;6.307;9.299;12.63;5.626;11.685;6.612;5.665;11.91;7.813;5.612;9.248;10.695;6.457;6.51;9.221;10.717;11.666;13.474;11.757;13.64;14.778;20.162;18.683;8.995;9.43;6.734;11.886;15.499;17.05;21.236;19.305;24.384;16.78;14.144;17.254;10.111;13.502;17.863;10.599;4.712;12.356;15.699
02/02/2006;8.372;8.729;7.834;3.355;2.838;2.658;3.007;2.293;2.606;5.128;1.978;3.78;2.844;5.357;3.254;4.261;2.774;3.963;5.376;2.386;5.064;2.882;2.469;5.11;3.352;2.401;3.935;4.538;2.809;2.84;3.999;4.546;4.978;5.685;5.002;5.845;6.308;7.761;7.408;3.819;4.011;2.9;5.342;6.435;6.91;8.117;8.061;9.221;7.401;6.217;7.912;4.372;6.135;8.385;4.795;2.002;5.495;6.634
03/02/2006;3.464;3.287;3.824;7.891;9.143;9.785;8.22;11.054;9.388;5.585;11.963;9.175;7.785;5.42;7.357;8.473;8.461;8.9;5.231;11.364;5.643;8.515;10.405;5.357;7.207;11.081;6.615;5.739;10.118;6.726;8.59;8.047;5.332;5.111;7.433;5.219;5.148;4.419;4.546;6.213;5.849;6.181;5.163;4.897;4.873;4.133;4.053;2.901;4.174;6.06;4.392;8.368;6.267;3.859;6.267;11.931;5.362;4.959
04/02/2006;0;0;0;0;0;0;0;0;0;0;0;0;0;0;0;0;0;0;0;0;0;0;0;0;0;0;0;0;0;0;0;0;0;0;0;0;0;0;0;0;0;0;0;0;0;0;0;0;0;0;0;0;0;0;0;0;0;0
05/02/2006;2.55;3.425;2.067;1.174;1.031;0.958;1.096;0.77;0.927;1.699;0.614;1.191;0.968;1.72;1.055;1.334;0.969;1.226;1.654;0.723;1.675;0.974;0.835;1.625;1.067;0.755;1.209;1.378;0.943;0.964;1.327;1.378;1.548;1.685;1.536;1.851;1.965;1.325;1.576;1.163;1.23;0.937;2.01;1.771;1.677;1.304;2.279;1.338;2.613;2.168;3.17;1.434;2.391;3.593;1.844;0.612;1.997;1.98
06/02/2006;0;0;0;0;0;0;0;0;0;0;0;0;0;0;0;0;0;0;0;0;0;0;0;0;0;0;0;0;0;0;0;0;0;0;0;0;0;0;0;0;0;0;0;0;0;0;0;0;0;0;0;0;0;0;0;0;0;0
07/02/2006;0;0;0;0;0;0;0;0;0;0;0;0;0;0;0;0;0;0;0;0;0;0;0;0;0;0;0;0;0;0;0;0;0;0;0;0;0;0;0;0;0;0;0;0;0;0;0;0;0;0;0;0;0;0;0;0;0;0
08/02/2006;9.842;9.152;10.946;20.7;22.173;22.779;21.462;23.991;22.692;16.531;24.953;20.519;21.553;16.05;20.636;19.354;21.981;20.072;15.931;23.963;16.671;21.814;23.39;16.459;20.394;23.81;19.098;17.639;22.66;21.086;19.872;18.659;16.681;15.329;17.579;15.097;14.246;11.322;12.012;19.122;18.621;20.734;15.971;13.902;13.046;10.56;10.65;8.049;11.886;14.822;11.093;19.114;15.066;10.025;17.431;24.896;15.787;13.583
09/02/2006;24.886;22.607;25.721;23.376;23.706;24.017;23.228;24.759;23.789;23.337;25.267;24.824;23.094;23.564;23.26;24.765;23.38;24.857;23.69;25.254;23.339;23.581;24.462;23.404;23.299;25.008;23.483;23.445;24.524;22.461;24.41;24.852;23.41;24.048;24.758;23.859;24.242;28.315;26.995;23.188;23.082;22.321;22.458;24.925;26.019;28.817;25.572;29.85;23.457;23.991;22.689;24.573;23.269;21.831;22.723;25.296;22.884;24.638
10/02/2006;4.515;4.329;4.927;8.985;9.602;9.855;9.301;10.356;9.811;7.263;10.752;8.921;9.321;7.061;8.939;8.439;9.508;8.733;7.001;10.341;7.32;9.438;10.104;7.222;8.837;10.278;8.3;7.695;9.805;9.113;8.658;8.146;7.306;6.748;7.702;6.671;6.324;4.999;5.324;8.301;8.094;8.957;7.061;6.152;5.777;4.672;4.829;3.601;5.395;6.6;5.129;8.348;6.733;4.724;7.668;10.727;6.983;6.043
11/02/2006;6.421;5.787;7.116;12.22;13.149;13.567;12.624;14.415;13.448;9.847;15.067;12.455;12.602;9.613;12.11;11.78;12.932;12.202;9.545;14.497;9.925;12.878;14;9.792;11.975;14.357;11.275;10.434;13.607;12.164;12.012;11.39;9.9;9.271;10.763;9.146;8.756;7.68;7.886;11.204;10.896;11.906;9.412;8.633;8.33;7.322;6.978;6.036;7.364;9.126;6.903;11.624;9.189;6.203;10.309;15.037;9.395;8.447
12/02/2006;22.156;21.772;22.887;30.308;32.018;32.837;30.898;34.461;32.436;26.618;35.659;31.426;30.525;26.284;29.785;30.341;31.312;31.004;26.062;34.735;26.724;31.298;33.636;26.377;29.555;34.416;28.522;27.167;33.098;29.369;30.646;29.686;26.435;25.723;28.716;25.742;25.358;23.545;23.936;28.158;27.635;28.731;26.03;24.987;24.636;22.99;22.995;20.9;23.592;26.429;23.518;30.157;26.724;22.639;27.596;35.608;26.144;24.933
13/02/2006;27.331;28.114;27.075;28.552;28.842;28.962;28.661;29.152;28.863;28.009;29.285;28.686;28.489;27.914;28.348;28.524;28.656;28.602;27.798;29.133;28.018;28.634;29.024;27.887;28.295;29.103;28.118;27.903;28.96;28.266;28.634;28.382;27.845;27.696;28.262;27.84;27.785;26.422;26.846;28.026;27.954;28.101;28.181;27.477;27.201;26.213;27.272;25.599;27.894;28.227;28.36;28.57;28.54;28.537;28.425;29.268;28.153;27.645
14/02/2006;1.042;1.297;0.889;0.492;0.444;0.423;0.459;0.368;0.407;0.69;0.321;0.529;0.412;0.703;0.449;0.581;0.417;0.543;0.684;0.362;0.681;0.423;0.387;0.666;0.455;0.369;0.514;0.577;0.428;0.4;0.57;0.602;0.639;0.704;0.658;0.758;0.809;0.687;0.742;0.492;0.515;0.389;0.78;0.758;0.753;0.694;0.96;0.737;1.025;0.871;1.203;0.613;0.931;1.334;0.722;0.321;0.785;0.825
15/02/2006;6.999;7.467;6.65;5.184;5.112;5.108;5.068;5.078;5.018;5.733;5.027;5.539;4.891;5.804;5.019;5.677;4.963;5.582;5.757;5.139;5.708;5.014;5.076;5.663;5.039;5.117;5.231;5.401;5.207;4.733;5.592;5.741;5.577;5.869;5.888;6.013;6.225;6.406;6.394;5.11;5.157;4.665;5.88;6.157;6.294;6.49;6.857;6.742;6.761;6.407;7.215;5.744;6.497;7.489;5.766;5.031;5.961;6.326
16/02/2006;27.942;25.975;28.408;23.538;23.753;24.069;23.197;24.809;23.708;24.356;25.272;25.603;22.828;24.72;23.212;25.758;23.216;25.713;24.81;25.44;24.321;23.511;24.502;24.351;23.293;25.143;23.793;24.024;24.764;21.949;25.232;25.966;24.244;25.376;26.089;25.349;26.075;31.012;29.48;23.314;23.276;21.727;23.571;26.777;28.214;31.715;28.503;33.299;25.952;25.984;25.671;25.635;25.269;25.087;23.661;25.312;24.157;26.674
17/02/2006;0.43;0.365;0.438;0.156;0.128;0.12;0.135;0.11;0.12;0.249;0.1;0.19;0.135;0.266;0.16;0.215;0.129;0.202;0.275;0.123;0.246;0.138;0.118;0.255;0.167;0.121;0.201;0.234;0.135;0.135;0.194;0.234;0.252;0.297;0.256;0.293;0.32;0.512;0.455;0.196;0.205;0.143;0.233;0.352;0.402;0.545;0.434;0.634;0.341;0.29;0.324;0.214;0.259;0.318;0.205;0.103;0.247;0.346
18/02/2006;0.671;0.379;0.762;0.205;0.158;0.151;0.166;0.154;0.153;0.354;0.154;0.287;0.185;0.393;0.234;0.327;0.17;0.31;0.424;0.193;0.35;0.191;0.163;0.381;0.25;0.183;0.311;0.366;0.189;0.186;0.275;0.367;0.386;0.476;0.396;0.439;0.488;1.057;0.879;0.306;0.318;0.21;0.268;0.595;0.733;1.14;0.72;1.355;0.443;0.384;0.316;0.308;0.273;0.238;0.224;0.16;0.306;0.549
19/02/2006;0;0;0;0;0;0;0;0;0;0;0;0;0;0;0;0;0;0;0;0;0;0;0;0;0;0;0;0;0;0;0;0;0;0;0;0;0;0;0;0;0;0;0;0;0;0;0;0;0;0;0;0;0;0;0;0;0;0
20/02/2006;4.856;4.668;5.306;11.954;15.222;17.021;12.512;20.568;15.683;7.075;23.035;16.657;10.91;6.876;10.124;15.088;12.965;16.038;6.313;21.697;7.173;13.29;18.743;6.335;9.787;20.811;8.715;6.767;18.299;7.532;15.086;14.134;6.076;6.369;12.811;6.919;7.342;7.215;7.074;7.275;6.38;5.884;5.987;6.755;7.381;6.821;6.329;4.482;5.709;10.085;7.053;14.896;10.591;5.965;8.745;22.97;6.847;7.209
21/02/2006;0;0;0;0;0;0;0;0;0;0;0;0;0;0;0;0;0;0;0;0;0;0;0;0;0;0;0;0;0;0;0;0;0;0;0;0;0;0;0;0;0;0;0;0;0;0;0;0;0;0;0;0;0;0;0;0;0;0
22/02/2006;3.344;3.358;3.392;4.055;4.144;4.178;4.106;4.242;4.175;3.791;4.295;4.021;4.11;3.756;4.049;3.948;4.134;3.992;3.744;4.232;3.8;4.12;4.208;3.783;4.032;4.226;3.947;3.855;4.162;4.088;3.988;3.902;3.796;3.7;3.835;3.692;3.632;3.356;3.429;3.952;3.922;4.066;3.776;3.593;3.517;3.297;3.38;3.114;3.505;3.681;3.48;3.938;3.714;3.433;3.865;4.29;3.757;3.582
23/02/2006;2.345;2.027;2.368;0.857;0.704;0.663;0.744;0.603;0.658;1.361;0.548;1.037;0.741;1.452;0.876;1.174;0.709;1.099;1.496;0.67;1.346;0.755;0.646;1.394;0.914;0.66;1.096;1.273;0.739;0.741;1.06;1.276;1.377;1.618;1.394;1.599;1.743;2.74;2.446;1.07;1.119;0.783;1.287;1.905;2.168;2.91;2.353;3.384;1.877;1.591;1.801;1.169;1.433;1.782;1.134;0.56;1.363;1.88
24/02/2006;8.676;5.885;9.562;4.668;4.444;4.504;4.325;4.781;4.43;5.759;4.952;5.789;4.395;6.121;4.811;6.064;4.399;5.967;6.379;5.235;5.734;4.618;4.743;5.965;4.936;5.074;5.453;5.841;4.958;4.161;5.567;6.385;5.992;6.877;6.571;6.575;7.072;12.514;10.802;5.301;5.352;4.272;4.867;8.058;9.425;13.28;9.242;15.18;6.549;6.277;5.442;5.873;5.261;4.622;4.64;5.005;5.289;7.655
25/02/2006;0;0;0;0;0;0;0;0;0;0;0;0;0;0;0;0;0;0;0;0;0;0;0;0;0;0;0;0;0;0;0;0;0;0;0;0;0;0;0;0;0;0;0;0;0;0;0;0;0;0;0;0;0;0;0;0;0;0
26/02/2006;4.833;4.44;4.772;1.818;1.508;1.418;1.595;1.268;1.401;2.853;1.133;2.152;1.562;3.024;1.828;2.432;1.504;2.273;3.09;1.38;2.819;1.588;1.361;2.896;1.9;1.368;2.263;2.623;1.553;1.562;2.223;2.629;2.849;3.318;2.877;3.32;3.607;5.292;4.809;2.205;2.308;1.633;2.784;3.863;4.323;5.599;4.791;6.473;3.992;3.374;3.973;2.444;3.133;4.028;2.469;1.154;2.92;3.862
27/02/2006;1.334;1.791;1.081;0.614;0.539;0.501;0.573;0.403;0.485;0.889;0.321;0.623;0.506;0.9;0.552;0.698;0.507;0.641;0.865;0.378;0.876;0.509;0.437;0.85;0.558;0.395;0.632;0.721;0.493;0.504;0.694;0.721;0.81;0.881;0.803;0.968;1.028;0.693;0.824;0.609;0.643;0.49;1.051;0.926;0.877;0.682;1.192;0.7;1.367;1.134;1.658;0.75;1.251;1.879;0.964;0.32;1.044;1.036
28/02/2006;4.622;6.091;3.795;2.104;1.843;1.714;1.959;1.385;1.659;3.059;1.111;2.152;1.739;3.103;1.902;2.412;1.737;2.22;2.995;1.311;3.016;1.75;1.5;2.935;1.926;1.365;2.189;2.498;1.695;1.732;2.389;2.499;2.8;3.06;2.782;3.343;3.555;2.559;2.959;2.109;2.228;1.689;3.585;3.238;3.104;2.541;4.158;2.647;4.682;3.888;5.63;2.583;4.254;6.354;3.283;1.109;3.57;3.594
01/03/2006;16.181;15.974;17.176;24.222;20.793;18.464;24.687;13.869;20.895;25.398;10.904;14.529;27.926;24.77;27.584;15.263;24.783;14.823;25.561;11.522;25.482;23.78;16.247;26.63;27.739;12.979;27.201;28.075;15.658;33.599;16.382;15.691;27.542;24.174;16.135;22.756;20.192;13.432;15.47;30.059;30.815;36.073;26.664;20.406;17.211;12.538;14.731;11.762;18.989;16.22;15.19;15.224;15.98;15.473;24.193;10.906;24.548;19.034
02/03/2006;0;0;0;0;0;0;0;0;0;0;0;0;0;0;0;0;0;0;0;0;0;0;0;0;0;0;0;0;0;0;0;0;0;0;0;0;0;0;0;0;0;0;0;0;0;0;0;0;0;0;0;0;0;0;0;0;0;0
03/03/2006;0;0;0;0;0;0;0;0;0;0;0;0;0;0;0;0;0;0;0;0;0;0;0;0;0;0;0;0;0;0;0;0;0;0;0;0;0;0;0;0;0;0;0;0;0;0;0;0;0;0;0;0;0;0;0;0;0;0
04/03/2006;0;0;0;0;0;0;0;0;0;0;0;0;0;0;0;0;0;0;0;0;0;0;0;0;0;0;0;0;0;0;0;0;0;0;0;0;0;0;0;0;0;0;0;0;0;0;0;0;0;0;0;0;0;0;0;0;0;0
05/03/2006;2.532;3.323;2.085;1.15;1.007;0.936;1.07;0.757;0.906;1.673;0.608;1.178;0.951;1.699;1.041;1.321;0.949;1.216;1.64;0.718;1.65;0.957;0.82;1.607;1.054;0.747;1.199;1.369;0.927;0.947;1.307;1.369;1.533;1.677;1.524;1.83;1.947;1.421;1.633;1.155;1.22;0.924;1.957;1.777;1.708;1.413;2.281;1.477;2.558;2.125;3.071;1.413;2.321;3.462;1.792;0.607;1.95;1.97
06/03/2006;1.911;2.392;1.621;0.845;0.735;0.684;0.78;0.561;0.664;1.242;0.457;0.883;0.702;1.269;0.776;0.991;0.698;0.915;1.236;0.543;1.225;0.708;0.607;1.202;0.789;0.56;0.903;1.034;0.687;0.7;0.97;1.034;1.152;1.273;1.148;1.371;1.463;1.229;1.335;0.872;0.92;0.69;1.419;1.37;1.354;1.243;1.748;1.337;1.876;1.562;2.203;1.051;1.673;2.456;1.294;0.458;1.423;1.493
07/03/2006;6.133;6.667;5.845;5.864;6.358;6.653;5.87;7.207;6.35;5.494;7.566;6.922;5.435;5.507;5.4;6.771;5.846;6.849;5.357;7.429;5.488;5.936;6.901;5.295;5.356;7.268;5.326;5.135;6.936;4.737;6.718;6.653;5.172;5.444;6.557;5.683;5.922;5.795;5.846;4.981;4.871;4.393;5.49;5.712;5.875;5.768;6.221;5.511;6.164;6.588;6.859;6.81;6.806;6.967;5.859;7.556;5.687;5.964
08/03/2006;0.05;0.028;0.056;0.015;0.012;0.011;0.012;0.011;0.011;0.026;0.011;0.021;0.014;0.029;0.017;0.024;0.013;0.023;0.031;0.014;0.026;0.014;0.012;0.028;0.019;0.014;0.023;0.027;0.014;0.014;0.02;0.027;0.029;0.035;0.029;0.033;0.036;0.078;0.065;0.023;0.024;0.016;0.02;0.044;0.054;0.084;0.053;0.1;0.033;0.028;0.023;0.023;0.02;0.018;0.017;0.012;0.023;0.041
09/03/2006;2.387;1.349;2.709;0.73;0.562;0.537;0.589;0.547;0.546;1.258;0.547;1.02;0.659;1.397;0.833;1.161;0.606;1.102;1.508;0.686;1.246;0.678;0.581;1.355;0.888;0.65;1.107;1.3;0.671;0.663;0.978;1.305;1.372;1.691;1.407;1.562;1.734;3.759;3.126;1.089;1.131;0.748;0.953;2.117;2.607;4.053;2.56;4.818;1.576;1.364;1.124;1.095;0.972;0.845;0.797;0.568;1.086;1.953
10/03/2006;0;0;0;0;0;0;0;0;0;0;0;0;0;0;0;0;0;0;0;0;0;0;0;0;0;0;0;0;0;0;0;0;0;0;0;0;0;0;0;0;0;0;0;0;0;0;0;0;0;0;0;0;0;0;0;0;0;0
11/03/2006;0.398;0.225;0.451;0.122;0.094;0.089;0.098;0.091;0.091;0.21;0.091;0.17;0.11;0.233;0.139;0.194;0.101;0.184;0.251;0.114;0.208;0.113;0.097;0.226;0.148;0.108;0.184;0.217;0.112;0.11;0.163;0.218;0.229;0.282;0.235;0.26;0.289;0.626;0.521;0.181;0.188;0.125;0.159;0.353;0.434;0.675;0.427;0.803;0.263;0.227;0.187;0.182;0.162;0.141;0.133;0.095;0.181;0.325
12/03/2006;1.255;1.686;1.018;0.578;0.507;0.472;0.54;0.379;0.456;0.837;0.302;0.586;0.477;0.847;0.519;0.657;0.477;0.604;0.814;0.356;0.825;0.479;0.411;0.8;0.525;0.372;0.595;0.679;0.464;0.475;0.653;0.679;0.762;0.829;0.756;0.911;0.967;0.652;0.776;0.573;0.606;0.461;0.99;0.872;0.826;0.642;1.122;0.659;1.286;1.068;1.561;0.706;1.177;1.769;0.908;0.301;0.983;0.975
13/03/2006;7.471;7.517;7.94;15.387;17.926;19.248;15.99;21.84;18.362;10.998;23.675;18.271;14.959;10.7;14.16;16.914;16.409;17.731;10.27;22.513;11.101;16.552;20.499;10.472;13.862;21.916;12.766;11.072;19.996;12.664;17.107;16.074;10.356;10.091;14.91;10.427;10.423;8.917;9.214;11.851;11.132;11.484;10.255;9.83;9.85;8.37;8.571;5.964;8.816;12.459;9.626;16.751;12.978;8.743;12.457;23.612;10.716;10.094
14/03/2006;5.6;5.492;6.109;14.371;18.341;20.52;15.062;24.807;18.901;8.412;27.791;20.025;13.117;8.156;12.147;18.111;15.607;19.268;7.462;26.158;8.532;15.993;22.598;7.507;11.734;25.09;10.413;8.035;22.051;9.032;18.13;16.942;7.192;7.51;15.33;8.189;8.681;8.298;8.199;8.673;7.586;7.03;7.132;7.928;8.629;7.789;7.363;4.873;6.725;12.039;8.4;17.888;12.696;7.117;10.483;27.71;8.156;8.495
15/03/2006;0.05;0.028;0.056;0.015;0.012;0.011;0.012;0.011;0.011;0.026;0.011;0.021;0.014;0.029;0.017;0.024;0.013;0.023;0.031;0.014;0.026;0.014;0.012;0.028;0.019;0.014;0.023;0.027;0.014;0.014;0.02;0.027;0.029;0.035;0.029;0.033;0.036;0.078;0.065;0.023;0.024;0.016;0.02;0.044;0.054;0.084;0.053;0.1;0.033;0.028;0.023;0.023;0.02;0.018;0.017;0.012;0.023;0.041
16/03/2006;16.622;16.447;16.673;16.158;15.944;15.832;16.117;15.622;15.924;16.467;15.477;15.874;16.242;16.49;16.299;15.974;16.103;15.918;16.544;15.565;16.462;16.087;15.737;16.532;16.325;15.617;16.399;16.526;15.762;16.463;15.959;16.045;16.559;16.554;16.123;16.488;16.464;16.722;16.648;16.497;16.552;16.581;16.477;16.557;16.57;16.776;16.57;16.994;16.486;16.229;16.298;15.97;16.137;16.299;16.301;15.484;16.435;16.49
17/03/2006;4.17;3.382;4.655;6.496;7.234;7.641;6.655;8.482;7.404;5.175;9.086;7.427;6.444;5.131;6.237;7.02;6.842;7.284;5.079;8.75;5.212;6.908;8.077;5.094;6.165;8.549;5.862;5.365;7.914;5.785;7.011;6.809;5.104;5.08;6.436;5.051;5.059;5.679;5.411;5.614;5.39;5.49;4.7;5.122;5.354;5.64;4.681;5.213;4.228;5.412;4.029;6.901;5.311;3.47;5.357;9.076;4.889;5.038
18/03/2006;0.605;0.594;0.66;1.554;1.983;2.218;1.628;2.682;2.043;0.909;3.004;2.165;1.418;0.882;1.313;1.958;1.687;2.083;0.807;2.828;0.922;1.729;2.443;0.812;1.268;2.712;1.126;0.869;2.384;0.976;1.96;1.832;0.777;0.812;1.657;0.885;0.938;0.897;0.886;0.938;0.82;0.76;0.771;0.857;0.933;0.842;0.796;0.527;0.727;1.302;0.908;1.934;1.373;0.769;1.133;2.996;0.882;0.918
19/03/2006;0.373;0.211;0.423;0.114;0.088;0.084;0.092;0.086;0.085;0.197;0.085;0.159;0.103;0.218;0.13;0.181;0.095;0.172;0.236;0.107;0.195;0.106;0.091;0.212;0.139;0.101;0.173;0.203;0.105;0.104;0.153;0.204;0.214;0.264;0.22;0.244;0.271;0.587;0.488;0.17;0.177;0.117;0.149;0.331;0.407;0.633;0.4;0.753;0.246;0.213;0.176;0.171;0.152;0.132;0.125;0.089;0.17;0.305
20/03/2006;1.177;1.581;0.954;0.542;0.476;0.442;0.506;0.355;0.428;0.784;0.283;0.55;0.447;0.794;0.487;0.616;0.447;0.566;0.763;0.334;0.773;0.449;0.385;0.75;0.492;0.348;0.558;0.636;0.435;0.445;0.613;0.636;0.714;0.778;0.709;0.854;0.907;0.612;0.727;0.537;0.568;0.432;0.928;0.817;0.774;0.602;1.052;0.617;1.206;1.001;1.463;0.662;1.104;1.658;0.851;0.282;0.921;0.914
21/03/2006;1.19;1.117;1.31;2.708;3.279;3.586;2.824;4.194;3.372;1.784;4.621;3.449;2.575;1.736;2.419;3.158;2.916;3.335;1.644;4.374;1.804;2.962;3.883;1.666;2.357;4.227;2.14;1.779;3.786;2.024;3.175;2.982;1.634;1.632;2.733;1.708;1.744;1.643;1.638;1.914;1.753;1.751;1.585;1.645;1.718;1.556;1.458;1.101;1.392;2.194;1.565;3.117;2.277;1.347;2.075;4.609;1.716;1.701
22/03/2006;0.857;0.83;0.936;2.144;2.732;3.056;2.245;3.693;2.815;1.264;4.137;2.987;1.957;1.227;1.814;2.704;2.326;2.876;1.125;3.895;1.281;2.384;3.365;1.13;1.753;3.736;1.559;1.208;3.285;1.349;2.705;2.532;1.083;1.134;2.294;1.233;1.308;1.273;1.251;1.301;1.139;1.053;1.07;1.201;1.31;1.2;1.121;0.775;1.016;1.804;1.26;2.67;1.897;1.067;1.567;4.125;1.224;1.283
23/03/2006;0;0;0;0;0;0;0;0;0;0;0;0;0;0;0;0;0;0;0;0;0;0;0;0;0;0;0;0;0;0;0;0;0;0;0;0;0;0;0;0;0;0;0;0;0;0;0;0;0;0;0;0;0;0;0;0;0;0
24/03/2006;0;0;0;0;0;0;0;0;0;0;0;0;0;0;0;0;0;0;0;0;0;0;0;0;0;0;0;0;0;0;0;0;0;0;0;0;0;0;0;0;0;0;0;0;0;0;0;0;0;0;0;0;0;0;0;0;0;0
25/03/2006;0;0;0;0;0;0;0;0;0;0;0;0;0;0;0;0;0;0;0;0;0;0;0;0;0;0;0;0;0;0;0;0;0;0;0;0;0;0;0;0;0;0;0;0;0;0;0;0;0;0;0;0;0;0;0;0;0;0
26/03/2006;22.922;26.274;21.648;27.046;29.546;30.86;27.463;33.261;29.668;23.815;34.876;30.612;25.731;23.544;25.113;29.537;27.48;30.103;22.779;33.904;23.845;27.676;31.896;22.901;24.804;33.303;24.045;22.668;31.712;22.946;29.731;28.705;22.463;22.695;27.916;23.731;24.181;20.043;21.321;22.764;22.157;21.423;24.094;22.744;22.442;19.324;23.218;16.606;24.729;27.394;27.821;29.72;28.85;28.364;26.098;34.792;24.608;23.856
27/03/2006;34.935;38.506;34.08;45.413;48.167;49.446;46.277;51.753;48.526;40.344;53.385;47.516;44.961;39.724;43.832;45.982;46.511;46.818;38.955;52.013;40.449;46.473;50.427;39.509;43.416;51.554;41.942;39.976;49.82;42.709;46.626;44.845;39.271;38.351;43.615;39.175;38.858;31.615;33.761;41.046;40.308;41.314;40.71;37.112;35.796;30.317;35.29;26.073;38.359;41.988;40.867;46.094;43.714;41.148;43.079;53.267;40.81;37.999
28/03/2006;3.027;2.969;3.302;7.768;9.914;11.092;8.142;13.409;10.217;4.547;15.022;10.824;7.09;4.409;6.566;9.79;8.436;10.415;4.033;14.139;4.612;8.645;12.215;4.058;6.342;13.562;5.629;4.343;11.919;4.882;9.8;9.158;3.887;4.059;8.287;4.426;4.692;4.485;4.432;4.688;4.101;3.8;3.855;4.285;4.664;4.21;3.98;2.634;3.635;6.508;4.541;9.669;6.863;3.847;5.667;14.978;4.409;4.592
29/03/2006;0;0;0;0;0;0;0;0;0;0;0;0;0;0;0;0;0;0;0;0;0;0;0;0;0;0;0;0;0;0;0;0;0;0;0;0;0;0;0;0;0;0;0;0;0;0;0;0;0;0;0;0;0;0;0;0;0;0
30/03/2006;0;0;0;0;0;0;0;0;0;0;0;0;0;0;0;0;0;0;0;0;0;0;0;0;0;0;0;0;0;0;0;0;0;0;0;0;0;0;0;0;0;0;0;0;0;0;0;0;0;0;0;0;0;0;0;0;0;0
31/03/2006;0;0;0;0;0;0;0;0;0;0;0;0;0;0;0;0;0;0;0;0;0;0;0;0;0;0;0;0;0;0;0;0;0;0;0;0;0;0;0;0;0;0;0;0;0;0;0;0;0;0;0;0;0;0;0;0;0;0
01/04/2006;0.151;0.148;0.165;0.388;0.496;0.555;0.407;0.67;0.511;0.227;0.751;0.541;0.355;0.22;0.328;0.489;0.422;0.521;0.202;0.707;0.231;0.432;0.611;0.203;0.317;0.678;0.281;0.217;0.596;0.244;0.49;0.458;0.194;0.203;0.414;0.221;0.235;0.224;0.222;0.234;0.205;0.19;0.193;0.214;0.233;0.211;0.199;0.132;0.182;0.325;0.227;0.483;0.343;0.192;0.283;0.749;0.22;0.23
02/04/2006;0.03;0.03;0.033;0.078;0.099;0.111;0.081;0.134;0.102;0.045;0.15;0.108;0.071;0.044;0.066;0.098;0.084;0.104;0.04;0.141;0.046;0.086;0.122;0.041;0.063;0.136;0.056;0.043;0.119;0.049;0.098;0.092;0.039;0.041;0.083;0.044;0.047;0.045;0.044;0.047;0.041;0.038;0.039;0.043;0.047;0.042;0.04;0.026;0.036;0.065;0.045;0.097;0.069;0.038;0.057;0.15;0.044;0.046
03/04/2006;0.025;0.014;0.028;0.008;0.006;0.006;0.006;0.006;0.006;0.013;0.006;0.011;0.007;0.015;0.009;0.012;0.006;0.011;0.016;0.007;0.013;0.007;0.006;0.014;0.009;0.007;0.012;0.014;0.007;0.007;0.01;0.014;0.014;0.018;0.015;0.016;0.018;0.039;0.033;0.011;0.012;0.008;0.01;0.022;0.027;0.042;0.027;0.05;0.016;0.014;0.012;0.011;0.01;0.009;0.008;0.006;0.011;0.02
04/04/2006;2.635;2.479;2.919;5.801;6.508;6.853;6.031;7.537;6.673;4.327;8.037;6.327;5.856;4.2;5.565;5.89;6.194;6.157;4.105;7.666;4.368;6.198;7.189;4.221;5.473;7.527;5.068;4.523;6.981;5.349;6.001;5.627;4.236;3.983;5.238;4.002;3.871;3.216;3.352;4.899;4.685;5.075;4.081;3.724;3.613;3.005;2.981;2.184;3.178;4.328;3.178;5.817;4.445;2.825;4.723;8.017;4.144;3.713
05/04/2006;0.838;0.82;0.915;2.133;2.706;3.019;2.235;3.636;2.788;1.266;4.066;2.94;1.957;1.227;1.815;2.662;2.314;2.83;1.128;3.829;1.283;2.369;3.318;1.136;1.755;3.676;1.561;1.216;3.237;1.372;2.666;2.492;1.092;1.132;2.258;1.228;1.295;1.229;1.218;1.313;1.156;1.085;1.081;1.186;1.283;1.153;1.093;0.727;1.007;1.777;1.243;2.629;1.872;1.055;1.565;4.054;1.226;1.266
06/04/2006;4.556;4.468;4.97;11.691;14.921;16.693;12.253;20.181;15.376;6.843;22.608;16.291;10.67;6.635;9.882;14.734;12.697;15.674;6.07;21.28;6.941;13.01;18.383;6.107;9.545;20.411;8.471;6.536;17.939;7.348;14.749;13.783;5.85;6.109;12.472;6.661;7.062;6.75;6.67;7.055;6.172;5.719;5.802;6.45;7.02;6.336;5.99;3.965;5.471;9.794;6.834;14.552;10.328;5.79;8.528;22.542;6.635;6.911
07/04/2006;0;0;0;0;0;0;0;0;0;0;0;0;0;0;0;0;0;0;0;0;0;0;0;0;0;0;0;0;0;0;0;0;0;0;0;0;0;0;0;0;0;0;0;0;0;0;0;0;0;0;0;0;0;0;0;0;0;0
08/04/2006;0;0;0;0;0;0;0;0;0;0;0;0;0;0;0;0;0;0;0;0;0;0;0;0;0;0;0;0;0;0;0;0;0;0;0;0;0;0;0;0;0;0;0;0;0;0;0;0;0;0;0;0;0;0;0;0;0;0
09/04/2006;0;0;0;0;0;0;0;0;0;0;0;0;0;0;0;0;0;0;0;0;0;0;0;0;0;0;0;0;0;0;0;0;0;0;0;0;0;0;0;0;0;0;0;0;0;0;0;0;0;0;0;0;0;0;0;0;0;0
10/04/2006;3.922;3.474;4.318;8.042;10.125;11.293;8.363;13.615;10.422;5.019;15.227;11.207;7.337;4.933;6.878;10.226;8.664;10.828;4.599;14.396;5.079;8.899;12.433;4.566;6.675;13.806;6.044;4.831;12.171;5.131;10.167;9.647;4.402;4.693;8.815;5.012;5.343;5.895;5.604;5.096;4.525;4.08;4.212;5.079;5.642;5.73;4.94;4.441;4.226;7.019;4.962;10.08;7.227;4.164;5.966;15.191;4.816;5.324
11/04/2006;4.243;3.995;4.645;9.987;12.685;14.176;10.438;17.121;13.066;5.984;19.169;13.917;9.114;5.832;8.478;12.627;10.815;13.41;5.374;18.071;6.065;11.092;15.61;5.379;8.203;17.332;7.333;5.732;15.249;6.311;12.609;11.848;5.166;5.437;10.759;5.882;6.248;6.323;6.149;6.135;5.396;4.951;5.055;5.795;6.358;6.022;5.481;4.148;4.879;8.492;5.954;12.462;8.878;5.027;7.33;19.117;5.78;6.157
12/04/2006;1.334;1.791;1.081;0.614;0.539;0.501;0.573;0.403;0.485;0.889;0.321;0.623;0.506;0.9;0.552;0.698;0.507;0.641;0.865;0.378;0.876;0.509;0.437;0.85;0.558;0.395;0.632;0.721;0.493;0.504;0.694;0.721;0.81;0.881;0.803;0.968;1.028;0.693;0.824;0.609;0.643;0.49;1.051;0.926;0.877;0.682;1.192;0.7;1.367;1.134;1.658;0.75;1.251;1.879;0.964;0.32;1.044;1.036
13/04/2006;2.097;1.86;2.371;3.585;2.9;2.445;3.665;1.556;2.927;3.84;0.985;1.711;4.322;3.732;4.269;1.862;3.696;1.776;3.906;1.115;3.857;3.507;2.023;4.1;4.305;1.395;4.215;4.398;1.91;5.439;2.06;1.96;4.288;3.653;2.048;3.345;2.853;1.821;2.125;4.779;4.928;5.939;4.027;2.957;2.396;1.683;1.855;1.622;2.546;2.009;1.698;1.838;1.896;1.686;3.535;0.988;3.628;2.651
14/04/2006;3.534;3.29;3.929;7.467;8.037;8.279;7.744;8.762;8.227;5.923;9.139;7.478;7.75;5.75;7.415;7.043;7.934;7.311;5.699;8.77;5.973;7.88;8.521;5.885;7.325;8.702;6.852;6.307;8.257;7.532;7.226;6.783;5.959;5.488;6.382;5.415;5.123;4.09;4.331;6.837;6.647;7.382;5.709;4.992;4.7;3.815;3.841;2.894;4.268;5.37;4.011;6.956;5.464;3.618;6.266;9.118;5.658;4.887
15/04/2006;0;0;0;0;0;0;0;0;0;0;0;0;0;0;0;0;0;0;0;0;0;0;0;0;0;0;0;0;0;0;0;0;0;0;0;0;0;0;0;0;0;0;0;0;0;0;0;0;0;0;0;0;0;0;0;0;0;0
16/04/2006;6.138;6.872;6.036;10.794;13.344;14.75;11.189;17.472;13.626;7.252;19.344;14.63;9.756;7.098;9.181;13.469;11.44;14.151;6.569;18.341;7.311;11.705;16.039;6.572;8.913;17.65;8.152;6.701;15.769;6.993;13.475;12.72;6.288;6.629;11.776;7.241;7.68;6.83;6.994;6.934;6.261;5.614;6.674;6.992;7.378;6.466;7.079;4.528;6.956;10.136;8.602;13.41;10.786;8.125;8.785;19.288;7.354;7.567
17/04/2006;19.529;20.224;20.219;36.955;43.788;47.444;38.324;54.585;44.79;26.152;59.579;45.851;35.109;25.535;33.234;42.433;39.272;44.476;24.284;56.646;26.379;39.806;50.87;24.579;32.473;54.922;29.929;25.664;49.788;28.395;42.712;40.294;24.083;24.101;37.417;25.291;25.805;22.849;23.384;27.12;25.239;25.007;24.273;24.17;24.723;21.632;22.352;15.802;22.421;31.697;25.452;42.096;33.169;23.468;30.086;59.419;25.786;25.198
18/04/2006;16.588;15.82;18.27;38.641;45.852;49.647;40.302;57.133;47.122;26.239;62.439;47.08;37.429;25.467;35.222;43.238;41.552;45.571;24.322;59.164;26.534;42.003;53.295;24.813;34.4;57.419;31.353;26.57;51.876;30.856;43.679;40.906;24.515;23.913;37.588;24.748;24.811;21.939;22.322;28.733;26.681;27.538;23.83;23.406;23.793;20.56;19.925;14.131;19.921;30.356;21.798;42.7;31.534;18.972;30.093;62.27;25.24;23.999
19/04/2006;3.264;3.578;3.183;4.091;4.316;4.421;4.16;4.61;4.343;3.685;4.742;4.27;4.047;3.635;3.956;4.147;4.176;4.213;3.57;4.631;3.693;4.174;4.5;3.614;3.922;4.593;3.804;3.646;4.453;3.858;4.199;4.054;3.592;3.521;3.956;3.594;3.572;2.965;3.146;3.728;3.668;3.741;3.722;3.423;3.315;2.858;3.288;2.51;3.546;3.836;3.767;4.158;3.983;3.8;3.914;4.732;3.731;3.502
20/04/2006;0.075;0.042;0.085;0.023;0.018;0.017;0.018;0.017;0.017;0.039;0.017;0.032;0.021;0.044;0.026;0.036;0.019;0.034;0.047;0.021;0.039;0.021;0.018;0.042;0.028;0.02;0.035;0.041;0.021;0.021;0.031;0.041;0.043;0.053;0.044;0.049;0.054;0.117;0.098;0.034;0.035;0.023;0.03;0.066;0.081;0.127;0.08;0.151;0.049;0.043;0.035;0.034;0.03;0.026;0.025;0.018;0.034;0.061
21/04/2006;0;0;0;0;0;0;0;0;0;0;0;0;0;0;0;0;0;0;0;0;0;0;0;0;0;0;0;0;0;0;0;0;0;0;0;0;0;0;0;0;0;0;0;0;0;0;0;0;0;0;0;0;0;0;0;0;0;0
22/04/2006;0.091;0.089;0.099;0.233;0.297;0.333;0.244;0.402;0.307;0.136;0.451;0.325;0.213;0.132;0.197;0.294;0.253;0.312;0.121;0.424;0.138;0.259;0.366;0.122;0.19;0.407;0.169;0.13;0.358;0.146;0.294;0.275;0.117;0.122;0.249;0.133;0.141;0.135;0.133;0.141;0.123;0.114;0.116;0.129;0.14;0.126;0.119;0.079;0.109;0.195;0.136;0.29;0.206;0.115;0.17;0.449;0.132;0.138
23/04/2006;0;0;0;0;0;0;0;0;0;0;0;0;0;0;0;0;0;0;0;0;0;0;0;0;0;0;0;0;0;0;0;0;0;0;0;0;0;0;0;0;0;0;0;0;0;0;0;0;0;0;0;0;0;0;0;0;0;0
24/04/2006;0;0;0;0;0;0;0;0;0;0;0;0;0;0;0;0;0;0;0;0;0;0;0;0;0;0;0;0;0;0;0;0;0;0;0;0;0;0;0;0;0;0;0;0;0;0;0;0;0;0;0;0;0;0;0;0;0;0
25/04/2006;0;0;0;0;0;0;0;0;0;0;0;0;0;0;0;0;0;0;0;0;0;0;0;0;0;0;0;0;0;0;0;0;0;0;0;0;0;0;0;0;0;0;0;0;0;0;0;0;0;0;0;0;0;0;0;0;0;0
26/04/2006;0;0;0;0;0;0;0;0;0;0;0;0;0;0;0;0;0;0;0;0;0;0;0;0;0;0;0;0;0;0;0;0;0;0;0;0;0;0;0;0;0;0;0;0;0;0;0;0;0;0;0;0;0;0;0;0;0;0
27/04/2006;3.741;4.147;3.594;4.844;5.786;6.319;4.951;7.347;5.861;3.699;8.042;6.435;4.347;3.669;4.177;6.045;5.011;6.27;3.454;7.703;3.712;5.132;6.801;3.419;4.083;7.43;3.866;3.377;6.746;3.241;6.012;5.786;3.282;3.521;5.48;3.799;4.044;3.846;3.885;3.36;3.121;2.695;3.519;3.771;3.981;3.746;4.056;3.117;3.946;5.03;4.713;6.043;5.296;4.616;4.279;8.023;3.81;4.043
28/04/2006;2.969;2.853;3.263;7.085;8.545;9.322;7.399;10.855;8.787;4.664;11.934;8.897;6.778;4.525;6.357;8.14;7.636;8.599;4.286;11.289;4.72;7.742;10.068;4.363;6.194;10.925;5.614;4.672;9.805;5.399;8.207;7.68;4.286;4.231;7.03;4.424;4.484;4.017;4.066;5.053;4.642;4.709;4.184;4.2;4.327;3.763;3.635;2.523;3.573;5.64;4.023;8.039;5.882;3.482;5.442;11.901;4.494;4.346
29/04/2006;1.362;1.336;1.486;3.496;4.461;4.991;3.664;6.034;4.598;2.046;6.76;4.871;3.191;1.984;2.955;4.405;3.796;4.687;1.815;6.363;2.075;3.89;5.497;1.826;2.854;6.103;2.533;1.954;5.364;2.197;4.41;4.121;1.749;1.827;3.729;1.992;2.112;2.018;1.994;2.11;1.845;1.71;1.735;1.928;2.099;1.895;1.791;1.185;1.636;2.929;2.043;4.351;3.088;1.731;2.55;6.74;1.984;2.066
30/04/2006;0;0;0;0;0;0;0;0;0;0;0;0;0;0;0;0;0;0;0;0;0;0;0;0;0;0;0;0;0;0;0;0;0;0;0;0;0;0;0;0;0;0;0;0;0;0;0;0;0;0;0;0;0;0;0;0;0;0
01/05/2006;0.983;0.949;1.079;2.381;2.907;3.188;2.489;3.744;2.99;1.532;4.134;3.058;2.257;1.486;2.111;2.791;2.571;2.953;1.398;3.906;1.551;2.612;3.458;1.42;2.053;3.772;1.854;1.521;3.369;1.749;2.809;2.628;1.389;1.385;2.4;1.46;1.493;1.355;1.365;1.644;1.498;1.496;1.36;1.391;1.449;1.27;1.221;0.84;1.183;1.916;1.361;2.756;2.003;1.172;1.81;4.122;1.478;1.45
02/05/2006;5.126;6.284;4.405;2.24;1.942;1.81;2.062;1.492;1.758;3.308;1.225;2.363;1.866;3.388;2.07;2.653;1.85;2.45;3.311;1.456;3.263;1.882;1.613;3.213;2.108;1.499;2.422;2.773;1.827;1.86;2.582;2.775;3.086;3.423;3.078;3.665;3.916;3.477;3.7;2.338;2.466;1.841;3.741;3.708;3.706;3.536;4.719;3.84;4.972;4.143;5.777;2.802;4.397;6.408;3.406;1.228;3.76;4.011
03/05/2006;0;0;0;0;0;0;0;0;0;0;0;0;0;0;0;0;0;0;0;0;0;0;0;0;0;0;0;0;0;0;0;0;0;0;0;0;0;0;0;0;0;0;0;0;0;0;0;0;0;0;0;0;0;0;0;0;0;0
04/05/2006;0;0;0;0;0;0;0;0;0;0;0;0;0;0;0;0;0;0;0;0;0;0;0;0;0;0;0;0;0;0;0;0;0;0;0;0;0;0;0;0;0;0;0;0;0;0;0;0;0;0;0;0;0;0;0;0;0;0
05/05/2006;0;0;0;0;0;0;0;0;0;0;0;0;0;0;0;0;0;0;0;0;0;0;0;0;0;0;0;0;0;0;0;0;0;0;0;0;0;0;0;0;0;0;0;0;0;0;0;0;0;0;0;0;0;0;0;0;0;0
06/05/2006;0;0;0;0;0;0;0;0;0;0;0;0;0;0;0;0;0;0;0;0;0;0;0;0;0;0;0;0;0;0;0;0;0;0;0;0;0;0;0;0;0;0;0;0;0;0;0;0;0;0;0;0;0;0;0;0;0;0
07/05/2006;0.157;0.211;0.127;0.072;0.063;0.059;0.067;0.047;0.057;0.105;0.038;0.073;0.06;0.106;0.065;0.082;0.06;0.075;0.102;0.044;0.103;0.06;0.051;0.1;0.066;0.046;0.074;0.085;0.058;0.059;0.082;0.085;0.095;0.104;0.095;0.114;0.121;0.082;0.097;0.072;0.076;0.058;0.124;0.109;0.103;0.08;0.14;0.082;0.161;0.133;0.195;0.088;0.147;0.221;0.113;0.038;0.123;0.122
08/05/2006;0.076;0.074;0.083;0.194;0.248;0.277;0.204;0.335;0.255;0.114;0.376;0.271;0.177;0.11;0.164;0.245;0.211;0.26;0.101;0.353;0.115;0.216;0.305;0.101;0.159;0.339;0.141;0.109;0.298;0.122;0.245;0.229;0.097;0.101;0.207;0.111;0.117;0.112;0.111;0.117;0.103;0.095;0.096;0.107;0.117;0.105;0.099;0.066;0.091;0.163;0.114;0.242;0.172;0.096;0.142;0.374;0.11;0.115
09/05/2006;1.511;1.739;1.345;0.638;0.548;0.511;0.581;0.429;0.499;0.955;0.359;0.691;0.535;0.985;0.601;0.777;0.527;0.719;0.974;0.43;0.942;0.541;0.463;0.937;0.615;0.438;0.712;0.818;0.525;0.534;0.745;0.819;0.905;1.016;0.905;1.07;1.148;1.178;1.191;0.689;0.726;0.535;1.046;1.121;1.156;1.215;1.417;1.35;1.412;1.181;1.59;0.811;1.219;1.735;0.947;0.362;1.061;1.188
10/05/2006;3.297;3.108;3.649;7.321;8.282;8.759;7.615;9.702;8.496;5.389;10.388;8.12;7.347;5.23;6.973;7.543;7.826;7.895;5.097;9.897;5.442;7.842;9.222;5.236;6.851;9.699;6.329;5.61;8.958;6.62;7.675;7.195;5.244;4.954;6.684;4.997;4.858;4.07;4.227;6.076;5.788;6.233;5.058;4.659;4.55;3.803;3.762;2.74;3.976;5.503;4.028;7.449;5.662;3.569;5.923;10.362;5.165;4.664
11/05/2006;14.91;14.331;14.923;11.811;11.494;11.406;11.578;11.271;11.392;12.866;11.148;12.177;11.563;13.052;11.843;12.462;11.499;12.305;13.136;11.403;12.833;11.591;11.363;12.926;11.919;11.384;12.297;12.666;11.558;11.564;12.233;12.672;12.887;13.382;12.921;13.356;13.655;15.621;15.046;12.24;12.343;11.646;12.739;13.969;14.493;15.963;14.909;16.922;13.971;13.364;13.858;12.459;13.061;13.849;12.418;11.172;12.891;13.933
12/05/2006;2.015;1.97;2.2;5.117;6.481;7.227;5.36;8.695;6.677;3.047;9.718;7.033;4.701;2.955;4.362;6.37;5.551;6.77;2.718;9.153;3.089;5.68;7.939;2.739;4.219;8.789;3.756;2.932;7.745;3.311;6.382;5.965;2.635;2.727;5.406;2.954;3.111;2.947;2.922;3.166;2.791;2.627;2.606;2.852;3.08;2.765;2.622;1.747;2.42;4.257;2.979;6.291;4.483;2.531;3.76;9.69;2.951;3.04
13/05/2006;1.965;1.75;2.219;3.424;2.861;2.48;3.506;1.737;2.892;3.573;1.263;1.812;4.071;3.473;4.01;1.922;3.541;1.861;3.621;1.358;3.59;3.376;2.128;3.796;4.038;1.596;3.938;4.071;2.019;5.023;2.101;1.995;3.961;3.393;2.052;3.125;2.687;1.753;2.025;4.423;4.543;5.446;3.725;2.772;2.275;1.622;1.77;1.527;2.384;1.973;1.643;1.898;1.88;1.615;3.326;1.264;3.379;2.503
14/05/2006;2.102;1.916;2.355;4.06;3.938;3.812;4.187;3.569;4.012;3.67;3.435;3.219;4.485;3.565;4.352;3.145;4.263;3.194;3.627;3.373;3.694;4.16;3.701;3.775;4.339;3.477;4.143;4.047;3.564;4.918;3.294;3.104;3.884;3.444;3.012;3.281;2.963;2.16;2.376;4.393;4.397;5.094;3.684;2.967;2.619;2.008;2.094;1.679;2.545;2.663;2.078;3.105;2.643;1.944;3.645;3.429;3.488;2.795
15/05/2006;3.964;3.657;4.421;8.072;8.346;8.402;8.353;8.523;8.528;6.76;8.661;7.411;8.594;6.564;8.27;7.07;8.537;7.282;6.581;8.372;6.812;8.42;8.471;6.819;8.201;8.41;7.739;7.309;8.191;8.796;7.307;6.869;6.954;6.298;6.536;6.122;5.679;4.371;4.699;7.928;7.808;8.839;6.633;5.598;5.131;4.072;4.157;3.212;4.791;5.601;4.254;6.982;5.647;3.893;6.963;8.643;6.443;5.393
16/05/2006;4.901;4.514;5.469;9.907;10.157;10.175;10.247;10.223;10.375;8.386;10.325;8.927;10.601;8.144;10.214;8.541;10.467;8.783;8.181;9.998;8.449;10.309;10.212;8.484;10.136;10.073;9.581;9.093;9.869;10.959;8.841;8.314;8.662;7.821;7.93;7.58;7.005;5.351;5.771;9.864;9.738;11.062;8.255;6.92;6.31;4.984;5.102;3.963;5.925;6.824;5.201;8.434;6.865;4.774;8.593;10.304;7.99;6.646
17/05/2006;0.748;0.663;0.845;1.278;1.034;0.871;1.306;0.555;1.043;1.369;0.351;0.61;1.54;1.33;1.522;0.664;1.317;0.633;1.392;0.397;1.375;1.25;0.721;1.461;1.535;0.497;1.502;1.567;0.681;1.939;0.734;0.699;1.528;1.302;0.73;1.192;1.017;0.649;0.757;1.703;1.756;2.117;1.435;1.054;0.854;0.6;0.661;0.578;0.907;0.716;0.605;0.655;0.676;0.601;1.26;0.352;1.293;0.945
18/05/2006;13.813;12.961;15.314;30.107;33.45;35.047;31.282;38.213;34.287;22.796;40.554;32.197;30.597;22.129;29.128;30.053;32.112;31.365;21.707;38.73;23.009;32.073;36.608;22.344;28.676;38.116;26.619;23.941;35.53;28.386;30.667;28.763;22.475;21.021;26.84;21.025;20.228;16.646;17.414;25.939;24.91;27.16;21.619;19.519;18.801;15.546;15.478;11.416;16.667;22.27;16.418;29.68;22.824;14.645;24.694;40.454;21.82;19.376
19/05/2006;2.904;2.686;3.236;5.976;6.25;6.335;6.187;6.508;6.39;4.929;6.668;5.627;6.317;4.786;6.069;5.348;6.328;5.521;4.783;6.43;4.968;6.254;6.427;4.952;6.012;6.435;5.659;5.308;6.218;6.374;5.515;5.182;5.04;4.585;4.915;4.475;4.174;3.246;3.475;5.756;5.649;6.363;4.813;4.102;3.788;3.025;3.076;2.36;3.51;4.189;3.166;5.281;4.235;2.886;5.115;6.653;4.701;3.969
20/05/2006;0;0;0;0;0;0;0;0;0;0;0;0;0;0;0;0;0;0;0;0;0;0;0;0;0;0;0;0;0;0;0;0;0;0;0;0;0;0;0;0;0;0;0;0;0;0;0;0;0;0;0;0;0;0;0;0;0;0
21/05/2006;0;0;0;0;0;0;0;0;0;0;0;0;0;0;0;0;0;0;0;0;0;0;0;0;0;0;0;0;0;0;0;0;0;0;0;0;0;0;0;0;0;0;0;0;0;0;0;0;0;0;0;0;0;0;0;0;0;0
22/05/2006;0;0;0;0;0;0;0;0;0;0;0;0;0;0;0;0;0;0;0;0;0;0;0;0;0;0;0;0;0;0;0;0;0;0;0;0;0;0;0;0;0;0;0;0;0;0;0;0;0;0;0;0;0;0;0;0;0;0
23/05/2006;0;0;0;0;0;0;0;0;0;0;0;0;0;0;0;0;0;0;0;0;0;0;0;0;0;0;0;0;0;0;0;0;0;0;0;0;0;0;0;0;0;0;0;0;0;0;0;0;0;0;0;0;0;0;0;0;0;0
24/05/2006;2.605;3.151;2.257;1.13;0.978;0.912;1.038;0.754;0.886;1.674;0.622;1.199;0.943;1.717;1.049;1.346;0.934;1.244;1.682;0.74;1.651;0.951;0.815;1.629;1.069;0.761;1.23;1.41;0.924;0.94;1.306;1.411;1.567;1.743;1.564;1.859;1.988;1.826;1.919;1.189;1.253;0.933;1.88;1.895;1.908;1.864;2.409;2.035;2.507;2.091;2.893;1.418;2.205;3.198;1.709;0.624;1.893;2.041
25/05/2006;0;0;0;0;0;0;0;0;0;0;0;0;0;0;0;0;0;0;0;0;0;0;0;0;0;0;0;0;0;0;0;0;0;0;0;0;0;0;0;0;0;0;0;0;0;0;0;0;0;0;0;0;0;0;0;0;0;0
26/05/2006;0;0;0;0;0;0;0;0;0;0;0;0;0;0;0;0;0;0;0;0;0;0;0;0;0;0;0;0;0;0;0;0;0;0;0;0;0;0;0;0;0;0;0;0;0;0;0;0;0;0;0;0;0;0;0;0;0;0
27/05/2006;0;0;0;0;0;0;0;0;0;0;0;0;0;0;0;0;0;0;0;0;0;0;0;0;0;0;0;0;0;0;0;0;0;0;0;0;0;0;0;0;0;0;0;0;0;0;0;0;0;0;0;0;0;0;0;0;0;0
28/05/2006;0;0;0;0;0;0;0;0;0;0;0;0;0;0;0;0;0;0;0;0;0;0;0;0;0;0;0;0;0;0;0;0;0;0;0;0;0;0;0;0;0;0;0;0;0;0;0;0;0;0;0;0;0;0;0;0;0;0
29/05/2006;0;0;0;0;0;0;0;0;0;0;0;0;0;0;0;0;0;0;0;0;0;0;0;0;0;0;0;0;0;0;0;0;0;0;0;0;0;0;0;0;0;0;0;0;0;0;0;0;0;0;0;0;0;0;0;0;0;0
30/05/2006;0;0;0;0;0;0;0;0;0;0;0;0;0;0;0;0;0;0;0;0;0;0;0;0;0;0;0;0;0;0;0;0;0;0;0;0;0;0;0;0;0;0;0;0;0;0;0;0;0;0;0;0;0;0;0;0;0;0
31/05/2006;0;0;0;0;0;0;0;0;0;0;0;0;0;0;0;0;0;0;0;0;0;0;0;0;0;0;0;0;0;0;0;0;0;0;0;0;0;0;0;0;0;0;0;0;0;0;0;0;0;0;0;0;0;0;0;0;0;0
01/06/2006;0.118;0.158;0.095;0.054;0.048;0.044;0.051;0.036;0.043;0.078;0.028;0.055;0.045;0.079;0.049;0.062;0.045;0.057;0.076;0.033;0.077;0.045;0.039;0.075;0.049;0.035;0.056;0.064;0.044;0.044;0.061;0.064;0.071;0.078;0.071;0.085;0.091;0.061;0.073;0.054;0.057;0.043;0.093;0.082;0.077;0.06;0.105;0.062;0.121;0.1;0.146;0.066;0.11;0.166;0.085;0.028;0.092;0.091
02/06/2006;5.768;6.251;5.77;9.047;9.98;10.442;9.304;11.321;10.129;7.362;11.945;9.934;8.91;7.207;8.573;9.42;9.433;9.718;7.01;11.497;7.401;9.455;10.849;7.137;8.45;11.306;7.996;7.347;10.647;8.114;9.558;9.077;7.084;6.88;8.646;7.058;6.999;5.646;6.012;7.683;7.423;7.671;7.246;6.631;6.441;5.341;6.061;4.215;6.552;7.862;7.049;9.397;8.21;6.883;8.056;11.914;7.353;6.801
03/06/2006;0;0;0;0;0;0;0;0;0;0;0;0;0;0;0;0;0;0;0;0;0;0;0;0;0;0;0;0;0;0;0;0;0;0;0;0;0;0;0;0;0;0;0;0;0;0;0;0;0;0;0;0;0;0;0;0;0;0
04/06/2006;0;0;0;0;0;0;0;0;0;0;0;0;0;0;0;0;0;0;0;0;0;0;0;0;0;0;0;0;0;0;0;0;0;0;0;0;0;0;0;0;0;0;0;0;0;0;0;0;0;0;0;0;0;0;0;0;0;0
05/06/2006;0;0;0;0;0;0;0;0;0;0;0;0;0;0;0;0;0;0;0;0;0;0;0;0;0;0;0;0;0;0;0;0;0;0;0;0;0;0;0;0;0;0;0;0;0;0;0;0;0;0;0;0;0;0;0;0;0;0
06/06/2006;0;0;0;0;0;0;0;0;0;0;0;0;0;0;0;0;0;0;0;0;0;0;0;0;0;0;0;0;0;0;0;0;0;0;0;0;0;0;0;0;0;0;0;0;0;0;0;0;0;0;0;0;0;0;0;0;0;0
07/06/2006;0;0;0;0;0;0;0;0;0;0;0;0;0;0;0;0;0;0;0;0;0;0;0;0;0;0;0;0;0;0;0;0;0;0;0;0;0;0;0;0;0;0;0;0;0;0;0;0;0;0;0;0;0;0;0;0;0;0
08/06/2006;0.05;0.028;0.056;0.015;0.012;0.011;0.012;0.011;0.011;0.026;0.011;0.021;0.014;0.029;0.017;0.024;0.013;0.023;0.031;0.014;0.026;0.014;0.012;0.028;0.019;0.014;0.023;0.027;0.014;0.014;0.02;0.027;0.029;0.035;0.029;0.033;0.036;0.078;0.065;0.023;0.024;0.016;0.02;0.044;0.054;0.084;0.053;0.1;0.033;0.028;0.023;0.023;0.02;0.018;0.017;0.012;0.023;0.041
09/06/2006;0;0;0;0;0;0;0;0;0;0;0;0;0;0;0;0;0;0;0;0;0;0;0;0;0;0;0;0;0;0;0;0;0;0;0;0;0;0;0;0;0;0;0;0;0;0;0;0;0;0;0;0;0;0;0;0;0;0
10/06/2006;0;0;0;0;0;0;0;0;0;0;0;0;0;0;0;0;0;0;0;0;0;0;0;0;0;0;0;0;0;0;0;0;0;0;0;0;0;0;0;0;0;0;0;0;0;0;0;0;0;0;0;0;0;0;0;0;0;0
11/06/2006;0;0;0;0;0;0;0;0;0;0;0;0;0;0;0;0;0;0;0;0;0;0;0;0;0;0;0;0;0;0;0;0;0;0;0;0;0;0;0;0;0;0;0;0;0;0;0;0;0;0;0;0;0;0;0;0;0;0
12/06/2006;2.876;2.82;3.137;7.38;9.419;10.537;7.735;12.739;9.706;4.32;14.271;10.283;6.736;4.188;6.238;9.3;8.015;9.894;3.832;13.432;4.381;8.213;11.604;3.855;6.025;12.884;5.347;4.126;11.323;4.638;9.31;8.7;3.693;3.856;7.872;4.205;4.458;4.261;4.21;4.454;3.896;3.61;3.662;4.071;4.431;4;3.781;2.503;3.453;6.182;4.314;9.186;6.52;3.655;5.383;14.229;4.188;4.362
13/06/2006;0;0;0;0;0;0;0;0;0;0;0;0;0;0;0;0;0;0;0;0;0;0;0;0;0;0;0;0;0;0;0;0;0;0;0;0;0;0;0;0;0;0;0;0;0;0;0;0;0;0;0;0;0;0;0;0;0;0
14/06/2006;0;0;0;0;0;0;0;0;0;0;0;0;0;0;0;0;0;0;0;0;0;0;0;0;0;0;0;0;0;0;0;0;0;0;0;0;0;0;0;0;0;0;0;0;0;0;0;0;0;0;0;0;0;0;0;0;0;0
15/06/2006;0;0;0;0;0;0;0;0;0;0;0;0;0;0;0;0;0;0;0;0;0;0;0;0;0;0;0;0;0;0;0;0;0;0;0;0;0;0;0;0;0;0;0;0;0;0;0;0;0;0;0;0;0;0;0;0;0;0
16/06/2006;0;0;0;0;0;0;0;0;0;0;0;0;0;0;0;0;0;0;0;0;0;0;0;0;0;0;0;0;0;0;0;0;0;0;0;0;0;0;0;0;0;0;0;0;0;0;0;0;0;0;0;0;0;0;0;0;0;0
17/06/2006;0.118;0.158;0.095;0.054;0.048;0.044;0.051;0.036;0.043;0.078;0.028;0.055;0.045;0.079;0.049;0.062;0.045;0.057;0.076;0.033;0.077;0.045;0.039;0.075;0.049;0.035;0.056;0.064;0.044;0.044;0.061;0.064;0.071;0.078;0.071;0.085;0.091;0.061;0.073;0.054;0.057;0.043;0.093;0.082;0.077;0.06;0.105;0.062;0.121;0.1;0.146;0.066;0.11;0.166;0.085;0.028;0.092;0.091
18/06/2006;0;0;0;0;0;0;0;0;0;0;0;0;0;0;0;0;0;0;0;0;0;0;0;0;0;0;0;0;0;0;0;0;0;0;0;0;0;0;0;0;0;0;0;0;0;0;0;0;0;0;0;0;0;0;0;0;0;0
19/06/2006;0.05;0.028;0.056;0.015;0.012;0.011;0.012;0.011;0.011;0.026;0.011;0.021;0.014;0.029;0.017;0.024;0.013;0.023;0.031;0.014;0.026;0.014;0.012;0.028;0.019;0.014;0.023;0.027;0.014;0.014;0.02;0.027;0.029;0.035;0.029;0.033;0.036;0.078;0.065;0.023;0.024;0.016;0.02;0.044;0.054;0.084;0.053;0.1;0.033;0.028;0.023;0.023;0.02;0.018;0.017;0.012;0.023;0.041
20/06/2006;0;0;0;0;0;0;0;0;0;0;0;0;0;0;0;0;0;0;0;0;0;0;0;0;0;0;0;0;0;0;0;0;0;0;0;0;0;0;0;0;0;0;0;0;0;0;0;0;0;0;0;0;0;0;0;0;0;0
21/06/2006;0;0;0;0;0;0;0;0;0;0;0;0;0;0;0;0;0;0;0;0;0;0;0;0;0;0;0;0;0;0;0;0;0;0;0;0;0;0;0;0;0;0;0;0;0;0;0;0;0;0;0;0;0;0;0;0;0;0
22/06/2006;0;0;0;0;0;0;0;0;0;0;0;0;0;0;0;0;0;0;0;0;0;0;0;0;0;0;0;0;0;0;0;0;0;0;0;0;0;0;0;0;0;0;0;0;0;0;0;0;0;0;0;0;0;0;0;0;0;0
23/06/2006;0;0;0;0;0;0;0;0;0;0;0;0;0;0;0;0;0;0;0;0;0;0;0;0;0;0;0;0;0;0;0;0;0;0;0;0;0;0;0;0;0;0;0;0;0;0;0;0;0;0;0;0;0;0;0;0;0;0
24/06/2006;0;0;0;0;0;0;0;0;0;0;0;0;0;0;0;0;0;0;0;0;0;0;0;0;0;0;0;0;0;0;0;0;0;0;0;0;0;0;0;0;0;0;0;0;0;0;0;0;0;0;0;0;0;0;0;0;0;0
25/06/2006;0;0;0;0;0;0;0;0;0;0;0;0;0;0;0;0;0;0;0;0;0;0;0;0;0;0;0;0;0;0;0;0;0;0;0;0;0;0;0;0;0;0;0;0;0;0;0;0;0;0;0;0;0;0;0;0;0;0
26/06/2006;0;0;0;0;0;0;0;0;0;0;0;0;0;0;0;0;0;0;0;0;0;0;0;0;0;0;0;0;0;0;0;0;0;0;0;0;0;0;0;0;0;0;0;0;0;0;0;0;0;0;0;0;0;0;0;0;0;0
27/06/2006;16.33;17.859;15.496;14.434;14.651;14.796;14.344;15.001;14.515;14.784;15.092;15.289;13.839;14.818;13.916;15.345;14.167;15.274;14.615;15.117;14.75;14.243;14.838;14.533;13.895;15.029;14.044;14.099;14.998;13.28;15.298;15.305;14.339;14.719;15.422;15.117;15.447;14.515;14.878;13.714;13.709;12.971;15.173;15.032;15.036;14.463;16.061;14.288;16.447;16.234;17.698;15.501;16.69;18.314;15.262;15.081;15.31;15.494
28/06/2006;0.772;0.757;0.842;1.981;2.528;2.828;2.076;3.419;2.605;1.159;3.831;2.76;1.808;1.124;1.674;2.496;2.151;2.656;1.029;3.606;1.176;2.204;3.115;1.035;1.617;3.458;1.435;1.107;3.039;1.245;2.499;2.335;0.991;1.035;2.113;1.129;1.197;1.144;1.13;1.195;1.046;0.969;0.983;1.093;1.189;1.074;1.015;0.672;0.927;1.659;1.158;2.466;1.75;0.981;1.445;3.819;1.124;1.171
29/06/2006;0.824;1.107;0.668;0.379;0.333;0.31;0.354;0.249;0.299;0.549;0.198;0.385;0.313;0.556;0.341;0.431;0.313;0.396;0.534;0.234;0.541;0.315;0.27;0.525;0.345;0.244;0.391;0.445;0.305;0.311;0.429;0.445;0.5;0.544;0.496;0.598;0.635;0.428;0.509;0.376;0.397;0.303;0.649;0.572;0.542;0.421;0.736;0.432;0.844;0.701;1.024;0.463;0.772;1.161;0.596;0.198;0.645;0.64
30/06/2006;1.28;1.7;1.046;0.585;0.513;0.477;0.546;0.385;0.462;0.85;0.308;0.597;0.483;0.861;0.528;0.669;0.483;0.615;0.83;0.363;0.838;0.487;0.417;0.814;0.534;0.378;0.607;0.692;0.471;0.482;0.664;0.692;0.776;0.847;0.771;0.927;0.986;0.692;0.808;0.584;0.617;0.469;1;0.894;0.853;0.684;1.149;0.709;1.303;1.082;1.572;0.717;1.187;1.777;0.916;0.307;0.994;0.995
01/07/2006;0;0;0;0;0;0;0;0;0;0;0;0;0;0;0;0;0;0;0;0;0;0;0;0;0;0;0;0;0;0;0;0;0;0;0;0;0;0;0;0;0;0;0;0;0;0;0;0;0;0;0;0;0;0;0;0;0;0
02/07/2006;0;0;0;0;0;0;0;0;0;0;0;0;0;0;0;0;0;0;0;0;0;0;0;0;0;0;0;0;0;0;0;0;0;0;0;0;0;0;0;0;0;0;0;0;0;0;0;0;0;0;0;0;0;0;0;0;0;0
03/07/2006;0.98;1.103;0.883;0.409;0.35;0.327;0.371;0.276;0.319;0.615;0.233;0.447;0.344;0.636;0.388;0.502;0.338;0.466;0.631;0.279;0.607;0.347;0.298;0.605;0.397;0.284;0.462;0.531;0.338;0.343;0.48;0.531;0.586;0.66;0.587;0.692;0.743;0.798;0.794;0.447;0.47;0.345;0.666;0.733;0.763;0.826;0.925;0.923;0.904;0.757;1.007;0.522;0.774;1.092;0.602;0.235;0.677;0.772
04/07/2006;3.075;3.158;3.179;4.849;4.964;4.981;4.975;5.006;5.032;4.295;5.045;4.531;5.057;4.198;4.91;4.388;5.036;4.472;4.186;4.92;4.316;4.979;4.99;4.302;4.876;4.945;4.672;4.489;4.873;5.146;4.509;4.292;4.349;4.049;4.158;4.006;3.811;2.956;3.194;4.751;4.704;5.153;4.311;3.712;3.448;2.793;3.106;2.348;3.524;3.839;3.407;4.369;3.926;3.333;4.447;5.035;4.212;3.666
05/07/2006;0;0;0;0;0;0;0;0;0;0;0;0;0;0;0;0;0;0;0;0;0;0;0;0;0;0;0;0;0;0;0;0;0;0;0;0;0;0;0;0;0;0;0;0;0;0;0;0;0;0;0;0;0;0;0;0;0;0
06/07/2006;0;0;0;0;0;0;0;0;0;0;0;0;0;0;0;0;0;0;0;0;0;0;0;0;0;0;0;0;0;0;0;0;0;0;0;0;0;0;0;0;0;0;0;0;0;0;0;0;0;0;0;0;0;0;0;0;0;0
07/07/2006;0;0;0;0;0;0;0;0;0;0;0;0;0;0;0;0;0;0;0;0;0;0;0;0;0;0;0;0;0;0;0;0;0;0;0;0;0;0;0;0;0;0;0;0;0;0;0;0;0;0;0;0;0;0;0;0;0;0
08/07/2006;0;0;0;0;0;0;0;0;0;0;0;0;0;0;0;0;0;0;0;0;0;0;0;0;0;0;0;0;0;0;0;0;0;0;0;0;0;0;0;0;0;0;0;0;0;0;0;0;0;0;0;0;0;0;0;0;0;0
09/07/2006;0;0;0;0;0;0;0;0;0;0;0;0;0;0;0;0;0;0;0;0;0;0;0;0;0;0;0;0;0;0;0;0;0;0;0;0;0;0;0;0;0;0;0;0;0;0;0;0;0;0;0;0;0;0;0;0;0;0
10/07/2006;0;0;0;0;0;0;0;0;0;0;0;0;0;0;0;0;0;0;0;0;0;0;0;0;0;0;0;0;0;0;0;0;0;0;0;0;0;0;0;0;0;0;0;0;0;0;0;0;0;0;0;0;0;0;0;0;0;0
11/07/2006;0;0;0;0;0;0;0;0;0;0;0;0;0;0;0;0;0;0;0;0;0;0;0;0;0;0;0;0;0;0;0;0;0;0;0;0;0;0;0;0;0;0;0;0;0;0;0;0;0;0;0;0;0;0;0;0;0;0
12/07/2006;0;0;0;0;0;0;0;0;0;0;0;0;0;0;0;0;0;0;0;0;0;0;0;0;0;0;0;0;0;0;0;0;0;0;0;0;0;0;0;0;0;0;0;0;0;0;0;0;0;0;0;0;0;0;0;0;0;0
13/07/2006;0;0;0;0;0;0;0;0;0;0;0;0;0;0;0;0;0;0;0;0;0;0;0;0;0;0;0;0;0;0;0;0;0;0;0;0;0;0;0;0;0;0;0;0;0;0;0;0;0;0;0;0;0;0;0;0;0;0
14/07/2006;0;0;0;0;0;0;0;0;0;0;0;0;0;0;0;0;0;0;0;0;0;0;0;0;0;0;0;0;0;0;0;0;0;0;0;0;0;0;0;0;0;0;0;0;0;0;0;0;0;0;0;0;0;0;0;0;0;0
15/07/2006;0;0;0;0;0;0;0;0;0;0;0;0;0;0;0;0;0;0;0;0;0;0;0;0;0;0;0;0;0;0;0;0;0;0;0;0;0;0;0;0;0;0;0;0;0;0;0;0;0;0;0;0;0;0;0;0;0;0
16/07/2006;0;0;0;0;0;0;0;0;0;0;0;0;0;0;0;0;0;0;0;0;0;0;0;0;0;0;0;0;0;0;0;0;0;0;0;0;0;0;0;0;0;0;0;0;0;0;0;0;0;0;0;0;0;0;0;0;0;0
17/07/2006;0;0;0;0;0;0;0;0;0;0;0;0;0;0;0;0;0;0;0;0;0;0;0;0;0;0;0;0;0;0;0;0;0;0;0;0;0;0;0;0;0;0;0;0;0;0;0;0;0;0;0;0;0;0;0;0;0;0
18/07/2006;0;0;0;0;0;0;0;0;0;0;0;0;0;0;0;0;0;0;0;0;0;0;0;0;0;0;0;0;0;0;0;0;0;0;0;0;0;0;0;0;0;0;0;0;0;0;0;0;0;0;0;0;0;0;0;0;0;0
19/07/2006;0;0;0;0;0;0;0;0;0;0;0;0;0;0;0;0;0;0;0;0;0;0;0;0;0;0;0;0;0;0;0;0;0;0;0;0;0;0;0;0;0;0;0;0;0;0;0;0;0;0;0;0;0;0;0;0;0;0
20/07/2006;0;0;0;0;0;0;0;0;0;0;0;0;0;0;0;0;0;0;0;0;0;0;0;0;0;0;0;0;0;0;0;0;0;0;0;0;0;0;0;0;0;0;0;0;0;0;0;0;0;0;0;0;0;0;0;0;0;0
21/07/2006;0;0;0;0;0;0;0;0;0;0;0;0;0;0;0;0;0;0;0;0;0;0;0;0;0;0;0;0;0;0;0;0;0;0;0;0;0;0;0;0;0;0;0;0;0;0;0;0;0;0;0;0;0;0;0;0;0;0
22/07/2006;0;0;0;0;0;0;0;0;0;0;0;0;0;0;0;0;0;0;0;0;0;0;0;0;0;0;0;0;0;0;0;0;0;0;0;0;0;0;0;0;0;0;0;0;0;0;0;0;0;0;0;0;0;0;0;0;0;0
23/07/2006;0;0;0;0;0;0;0;0;0;0;0;0;0;0;0;0;0;0;0;0;0;0;0;0;0;0;0;0;0;0;0;0;0;0;0;0;0;0;0;0;0;0;0;0;0;0;0;0;0;0;0;0;0;0;0;0;0;0
24/07/2006;0;0;0;0;0;0;0;0;0;0;0;0;0;0;0;0;0;0;0;0;0;0;0;0;0;0;0;0;0;0;0;0;0;0;0;0;0;0;0;0;0;0;0;0;0;0;0;0;0;0;0;0;0;0;0;0;0;0
25/07/2006;0;0;0;0;0;0;0;0;0;0;0;0;0;0;0;0;0;0;0;0;0;0;0;0;0;0;0;0;0;0;0;0;0;0;0;0;0;0;0;0;0;0;0;0;0;0;0;0;0;0;0;0;0;0;0;0;0;0
26/07/2006;0;0;0;0;0;0;0;0;0;0;0;0;0;0;0;0;0;0;0;0;0;0;0;0;0;0;0;0;0;0;0;0;0;0;0;0;0;0;0;0;0;0;0;0;0;0;0;0;0;0;0;0;0;0;0;0;0;0
27/07/2006;0;0;0;0;0;0;0;0;0;0;0;0;0;0;0;0;0;0;0;0;0;0;0;0;0;0;0;0;0;0;0;0;0;0;0;0;0;0;0;0;0;0;0;0;0;0;0;0;0;0;0;0;0;0;0;0;0;0
28/07/2006;0;0;0;0;0;0;0;0;0;0;0;0;0;0;0;0;0;0;0;0;0;0;0;0;0;0;0;0;0;0;0;0;0;0;0;0;0;0;0;0;0;0;0;0;0;0;0;0;0;0;0;0;0;0;0;0;0;0
29/07/2006;0;0;0;0;0;0;0;0;0;0;0;0;0;0;0;0;0;0;0;0;0;0;0;0;0;0;0;0;0;0;0;0;0;0;0;0;0;0;0;0;0;0;0;0;0;0;0;0;0;0;0;0;0;0;0;0;0;0
30/07/2006;25.768;27.53;25.745;39.309;45.052;48.124;40.411;54.06;45.793;30.566;58.184;46.982;37.472;30.044;35.941;44.191;41.074;45.83;28.873;55.77;30.734;41.534;50.928;29.109;35.294;54.323;33.247;29.751;50.116;31.67;44.442;42.383;28.584;28.735;40.08;29.975;30.541;27.013;27.841;30.768;29.221;28.703;29.351;28.857;29.172;25.908;27.86;20.839;28.421;35.913;31.758;44.027;37.492;30.585;34.183;58.041;30.628;30.014
31/07/2006;3.424;3.428;3.557;6.288;7.827;8.685;6.52;10.373;8.022;4.117;11.539;8.639;5.709;4.045;5.373;7.93;6.709;8.357;3.766;10.933;4.156;6.881;9.501;3.747;5.219;10.503;4.764;3.883;9.326;4.053;7.901;7.495;3.601;3.828;6.904;4.125;4.389;4.436;4.346;4.042;3.628;3.25;3.627;4.101;4.451;4.279;4.096;3.25;3.745;5.737;4.494;7.854;5.991;4.039;4.91;11.51;4.063;4.358
01/08/2006;2.161;1.97;2.398;3.911;3.8;3.687;4.023;3.472;3.868;3.562;3.353;3.159;4.293;3.469;4.175;3.093;4.093;3.137;3.527;3.298;3.584;4.002;3.59;3.658;4.164;3.39;3.99;3.904;3.466;4.682;3.224;3.058;3.757;3.365;2.975;3.215;2.931;2.245;2.427;4.214;4.218;4.841;3.567;2.942;2.637;2.112;2.159;1.827;2.546;2.655;2.116;3.056;2.629;1.988;3.531;3.348;3.393;2.783
02/08/2006;0.275;0.369;0.223;0.126;0.111;0.103;0.118;0.083;0.1;0.183;0.066;0.128;0.104;0.185;0.114;0.144;0.104;0.132;0.178;0.078;0.18;0.105;0.09;0.175;0.115;0.081;0.13;0.148;0.102;0.104;0.143;0.148;0.167;0.181;0.165;0.199;0.212;0.143;0.17;0.125;0.132;0.101;0.216;0.191;0.181;0.14;0.245;0.144;0.281;0.234;0.341;0.154;0.257;0.387;0.199;0.066;0.215;0.213
03/08/2006;0.192;0.2;0.18;0.077;0.065;0.061;0.069;0.053;0.06;0.118;0.045;0.087;0.065;0.123;0.075;0.098;0.064;0.091;0.123;0.055;0.116;0.066;0.057;0.117;0.077;0.055;0.09;0.104;0.064;0.065;0.092;0.104;0.114;0.131;0.115;0.134;0.145;0.179;0.17;0.088;0.092;0.067;0.123;0.148;0.159;0.187;0.185;0.212;0.17;0.143;0.181;0.1;0.141;0.192;0.11;0.046;0.126;0.152
04/08/2006;0.804;0.749;0.839;0.983;1.035;1.063;0.995;1.121;1.047;0.886;1.163;1.043;0.982;0.882;0.966;1.014;1.009;1.033;0.879;1.138;0.889;1.013;1.093;0.881;0.961;1.125;0.938;0.902;1.08;0.938;1.014;0.998;0.883;0.878;0.971;0.875;0.873;0.908;0.892;0.922;0.906;0.918;0.853;0.877;0.89;0.904;0.839;0.87;0.812;0.897;0.796;1.005;0.89;0.756;0.9;1.162;0.865;0.87
05/08/2006;0;0;0;0;0;0;0;0;0;0;0;0;0;0;0;0;0;0;0;0;0;0;0;0;0;0;0;0;0;0;0;0;0;0;0;0;0;0;0;0;0;0;0;0;0;0;0;0;0;0;0;0;0;0;0;0;0;0
06/08/2006;0;0;0;0;0;0;0;0;0;0;0;0;0;0;0;0;0;0;0;0;0;0;0;0;0;0;0;0;0;0;0;0;0;0;0;0;0;0;0;0;0;0;0;0;0;0;0;0;0;0;0;0;0;0;0;0;0;0
07/08/2006;0;0;0;0;0;0;0;0;0;0;0;0;0;0;0;0;0;0;0;0;0;0;0;0;0;0;0;0;0;0;0;0;0;0;0;0;0;0;0;0;0;0;0;0;0;0;0;0;0;0;0;0;0;0;0;0;0;0
08/08/2006;0;0;0;0;0;0;0;0;0;0;0;0;0;0;0;0;0;0;0;0;0;0;0;0;0;0;0;0;0;0;0;0;0;0;0;0;0;0;0;0;0;0;0;0;0;0;0;0;0;0;0;0;0;0;0;0;0;0
09/08/2006;0;0;0;0;0;0;0;0;0;0;0;0;0;0;0;0;0;0;0;0;0;0;0;0;0;0;0;0;0;0;0;0;0;0;0;0;0;0;0;0;0;0;0;0;0;0;0;0;0;0;0;0;0;0;0;0;0;0
10/08/2006;0;0;0;0;0;0;0;0;0;0;0;0;0;0;0;0;0;0;0;0;0;0;0;0;0;0;0;0;0;0;0;0;0;0;0;0;0;0;0;0;0;0;0;0;0;0;0;0;0;0;0;0;0;0;0;0;0;0
11/08/2006;0;0;0;0;0;0;0;0;0;0;0;0;0;0;0;0;0;0;0;0;0;0;0;0;0;0;0;0;0;0;0;0;0;0;0;0;0;0;0;0;0;0;0;0;0;0;0;0;0;0;0;0;0;0;0;0;0;0
12/08/2006;0;0;0;0;0;0;0;0;0;0;0;0;0;0;0;0;0;0;0;0;0;0;0;0;0;0;0;0;0;0;0;0;0;0;0;0;0;0;0;0;0;0;0;0;0;0;0;0;0;0;0;0;0;0;0;0;0;0
13/08/2006;0;0;0;0;0;0;0;0;0;0;0;0;0;0;0;0;0;0;0;0;0;0;0;0;0;0;0;0;0;0;0;0;0;0;0;0;0;0;0;0;0;0;0;0;0;0;0;0;0;0;0;0;0;0;0;0;0;0
14/08/2006;0;0;0;0;0;0;0;0;0;0;0;0;0;0;0;0;0;0;0;0;0;0;0;0;0;0;0;0;0;0;0;0;0;0;0;0;0;0;0;0;0;0;0;0;0;0;0;0;0;0;0;0;0;0;0;0;0;0
15/08/2006;0;0;0;0;0;0;0;0;0;0;0;0;0;0;0;0;0;0;0;0;0;0;0;0;0;0;0;0;0;0;0;0;0;0;0;0;0;0;0;0;0;0;0;0;0;0;0;0;0;0;0;0;0;0;0;0;0;0
16/08/2006;0;0;0;0;0;0;0;0;0;0;0;0;0;0;0;0;0;0;0;0;0;0;0;0;0;0;0;0;0;0;0;0;0;0;0;0;0;0;0;0;0;0;0;0;0;0;0;0;0;0;0;0;0;0;0;0;0;0
17/08/2006;0;0;0;0;0;0;0;0;0;0;0;0;0;0;0;0;0;0;0;0;0;0;0;0;0;0;0;0;0;0;0;0;0;0;0;0;0;0;0;0;0;0;0;0;0;0;0;0;0;0;0;0;0;0;0;0;0;0
18/08/2006;0;0;0;0;0;0;0;0;0;0;0;0;0;0;0;0;0;0;0;0;0;0;0;0;0;0;0;0;0;0;0;0;0;0;0;0;0;0;0;0;0;0;0;0;0;0;0;0;0;0;0;0;0;0;0;0;0;0
19/08/2006;5.59;5.281;6.182;12.512;14.26;15.138;13.019;16.874;14.632;9.1;18.129;14.085;12.49;8.832;11.839;13.059;13.387;13.684;8.582;17.255;9.191;13.432;15.988;8.807;11.621;16.883;10.715;9.436;15.536;11.113;13.273;12.439;8.805;8.353;11.535;8.458;8.259;6.971;7.219;10.218;9.7;10.389;8.502;7.901;7.761;6.516;6.428;4.657;6.74;9.468;6.908;12.897;9.757;6.105;10.065;18.082;8.726;7.938
20/08/2006;4.746;5.161;4.364;2.142;1.923;1.853;1.968;1.698;1.794;3.027;1.554;2.438;1.823;3.136;2.024;2.673;1.831;2.522;3.115;1.75;2.992;1.889;1.763;2.983;2.067;1.749;2.36;2.653;1.944;1.754;2.549;2.801;2.893;3.27;3.033;3.403;3.661;4.154;4.058;2.264;2.356;1.742;3.195;3.653;3.86;4.307;4.552;4.787;4.327;3.731;4.752;2.75;3.766;5.074;2.946;1.563;3.28;3.815
21/08/2006;10.505;10.57;10.862;16.642;18.508;19.47;17.107;21.353;18.839;13.336;22.692;18.66;16.377;13.098;15.764;17.644;17.424;18.254;12.782;21.821;13.415;17.514;20.378;12.955;15.54;21.394;14.7;13.43;19.987;14.733;17.812;17.013;12.881;12.62;16.139;12.856;12.81;11.508;11.783;14.054;13.522;13.879;12.805;12.354;12.305;11.073;11.306;9.224;11.587;14.296;12.154;17.523;14.696;11.503;14.432;22.643;13.117;12.537
22/08/2006;0.314;0.422;0.254;0.144;0.127;0.118;0.135;0.095;0.114;0.209;0.076;0.147;0.119;0.212;0.13;0.164;0.119;0.151;0.204;0.089;0.206;0.12;0.103;0.2;0.131;0.093;0.149;0.17;0.116;0.119;0.163;0.17;0.19;0.207;0.189;0.228;0.242;0.163;0.194;0.143;0.151;0.115;0.247;0.218;0.206;0.161;0.281;0.165;0.322;0.267;0.39;0.176;0.294;0.442;0.227;0.075;0.246;0.244
23/08/2006;0;0;0;0;0;0;0;0;0;0;0;0;0;0;0;0;0;0;0;0;0;0;0;0;0;0;0;0;0;0;0;0;0;0;0;0;0;0;0;0;0;0;0;0;0;0;0;0;0;0;0;0;0;0;0;0;0;0
24/08/2006;0;0;0;0;0;0;0;0;0;0;0;0;0;0;0;0;0;0;0;0;0;0;0;0;0;0;0;0;0;0;0;0;0;0;0;0;0;0;0;0;0;0;0;0;0;0;0;0;0;0;0;0;0;0;0;0;0;0
25/08/2006;0;0;0;0;0;0;0;0;0;0;0;0;0;0;0;0;0;0;0;0;0;0;0;0;0;0;0;0;0;0;0;0;0;0;0;0;0;0;0;0;0;0;0;0;0;0;0;0;0;0;0;0;0;0;0;0;0;0
26/08/2006;16.541;15.996;18.137;40.398;49.652;54.639;42.236;64.461;51.096;25.629;71.349;52.552;38.067;24.86;35.557;47.888;43.649;50.712;23.304;67.37;25.952;44.408;59.408;23.639;34.553;64.991;31.113;25.311;57.897;29.017;48.16;45.045;23.056;23.138;41.072;24.502;25.185;23.043;23.138;27.358;24.782;24.527;22.607;23.402;24.534;21.598;20.717;14.162;19.892;32.712;23.162;47.296;34.243;19.905;30.516;71.147;24.742;24.485
27/08/2006;4.591;4.385;5.057;10.713;12.678;13.709;11.174;15.742;13.028;7.306;17.184;12.977;10.402;7.089;9.791;11.924;11.518;12.564;6.778;16.286;7.387;11.636;14.699;6.92;9.566;15.815;8.724;7.411;14.305;8.626;12.053;11.284;6.843;6.656;10.373;6.878;6.88;6.038;6.16;8.019;7.459;7.727;6.652;6.492;6.577;5.652;5.499;3.874;5.529;8.385;6.026;11.776;8.71;5.253;8.362;17.138;7.027;6.649
28/08/2006;0.099;0.056;0.113;0.03;0.023;0.022;0.025;0.023;0.023;0.052;0.023;0.042;0.027;0.058;0.035;0.048;0.025;0.046;0.063;0.029;0.052;0.028;0.024;0.056;0.037;0.027;0.046;0.054;0.028;0.028;0.041;0.054;0.057;0.07;0.059;0.065;0.072;0.157;0.13;0.045;0.047;0.031;0.04;0.088;0.109;0.169;0.107;0.201;0.066;0.057;0.047;0.046;0.041;0.035;0.033;0.024;0.045;0.081
29/08/2006;0.385;0.4;0.36;0.154;0.13;0.122;0.138;0.105;0.12;0.235;0.091;0.174;0.131;0.246;0.149;0.196;0.127;0.182;0.247;0.11;0.233;0.132;0.113;0.235;0.154;0.11;0.181;0.208;0.129;0.13;0.184;0.209;0.229;0.261;0.23;0.268;0.29;0.357;0.341;0.175;0.184;0.133;0.245;0.296;0.318;0.374;0.37;0.425;0.34;0.285;0.363;0.201;0.281;0.384;0.22;0.092;0.252;0.305
30/08/2006;4.301;5.757;3.495;1.976;1.734;1.613;1.844;1.297;1.559;2.863;1.035;2.007;1.63;2.898;1.777;2.249;1.631;2.068;2.789;1.22;2.822;1.64;1.406;2.74;1.798;1.273;2.039;2.325;1.588;1.624;2.236;2.325;2.609;2.843;2.591;3.12;3.314;2.261;2.675;1.962;2.075;1.578;3.381;2.992;2.84;2.229;3.849;2.294;4.399;3.65;5.328;2.415;4.02;6.033;3.1;1.032;3.359;3.34
31/08/2006;0;0;0;0;0;0;0;0;0;0;0;0;0;0;0;0;0;0;0;0;0;0;0;0;0;0;0;0;0;0;0;0;0;0;0;0;0;0;0;0;0;0;0;0;0;0;0;0;0;0;0;0;0;0;0;0;0;0
01/09/2006;0;0;0;0;0;0;0;0;0;0;0;0;0;0;0;0;0;0;0;0;0;0;0;0;0;0;0;0;0;0;0;0;0;0;0;0;0;0;0;0;0;0;0;0;0;0;0;0;0;0;0;0;0;0;0;0;0;0
02/09/2006;7.213;7.439;7.268;8.909;8.752;8.599;9.027;8.282;8.792;8.639;8.09;8.022;9.28;8.524;9.156;7.981;9.058;8;8.553;8.05;8.657;8.947;8.437;8.711;9.141;8.172;8.967;8.908;8.325;9.722;8.151;7.94;8.793;8.356;7.891;8.261;7.958;6.696;7.072;9.209;9.233;9.884;8.795;7.854;7.411;6.501;7.09;6.095;7.774;7.761;7.539;7.983;7.86;7.58;8.712;8.081;8.575;7.767
03/09/2006;8.082;8.284;7.791;4.962;4.119;3.688;4.734;2.831;3.945;6.555;2.215;4.129;5.005;6.669;5.3;4.611;4.56;4.316;6.787;2.625;6.513;4.527;3.266;6.697;5.401;2.814;5.813;6.414;3.471;5.699;4.529;4.9;6.704;6.874;5.325;6.822;6.887;7.331;7.265;6.071;6.319;6.055;6.864;7.036;7.051;7.523;7.665;8.354;7.604;6.305;7.521;4.691;6.188;7.919;6.115;2.236;6.735;7.017
04/09/2006;15.34;15.453;15.845;22.759;23.737;24.116;23.292;24.844;24.059;19.966;25.427;22.501;23.312;19.604;22.668;21.724;23.598;22.189;19.476;24.757;20.057;23.46;24.463;19.873;22.494;24.682;21.598;20.616;23.975;23.028;22.131;21.23;19.998;19.018;20.524;18.942;18.34;15.536;16.276;21.621;21.297;22.772;19.783;17.936;17.168;14.925;15.741;13.014;16.992;18.877;16.742;21.612;19.225;16.238;20.746;25.381;19.603;17.827
05/09/2006;2.864;2.853;2.926;3.888;4.292;4.51;3.967;4.938;4.354;3.248;5.238;4.422;3.782;3.215;3.674;4.22;4.027;4.342;3.146;5.065;3.262;4.061;4.717;3.16;3.63;4.961;3.481;3.229;4.652;3.385;4.231;4.096;3.133;3.139;3.924;3.201;3.233;3.13;3.138;3.316;3.204;3.187;3.121;3.152;3.201;3.066;3.043;2.741;3.011;3.567;3.164;4.195;3.638;3.027;3.465;5.229;3.214;3.203
06/09/2006;0.157;0.211;0.127;0.072;0.063;0.059;0.067;0.047;0.057;0.105;0.038;0.073;0.06;0.106;0.065;0.082;0.06;0.075;0.102;0.044;0.103;0.06;0.051;0.1;0.066;0.046;0.074;0.085;0.058;0.059;0.082;0.085;0.095;0.104;0.095;0.114;0.121;0.082;0.097;0.072;0.076;0.058;0.124;0.109;0.103;0.08;0.14;0.082;0.161;0.133;0.195;0.088;0.147;0.221;0.113;0.038;0.123;0.122
07/09/2006;0;0;0;0;0;0;0;0;0;0;0;0;0;0;0;0;0;0;0;0;0;0;0;0;0;0;0;0;0;0;0;0;0;0;0;0;0;0;0;0;0;0;0;0;0;0;0;0;0;0;0;0;0;0;0;0;0;0
08/09/2006;0;0;0;0;0;0;0;0;0;0;0;0;0;0;0;0;0;0;0;0;0;0;0;0;0;0;0;0;0;0;0;0;0;0;0;0;0;0;0;0;0;0;0;0;0;0;0;0;0;0;0;0;0;0;0;0;0;0
09/09/2006;0;0;0;0;0;0;0;0;0;0;0;0;0;0;0;0;0;0;0;0;0;0;0;0;0;0;0;0;0;0;0;0;0;0;0;0;0;0;0;0;0;0;0;0;0;0;0;0;0;0;0;0;0;0;0;0;0;0
10/09/2006;0;0;0;0;0;0;0;0;0;0;0;0;0;0;0;0;0;0;0;0;0;0;0;0;0;0;0;0;0;0;0;0;0;0;0;0;0;0;0;0;0;0;0;0;0;0;0;0;0;0;0;0;0;0;0;0;0;0
11/09/2006;0;0;0;0;0;0;0;0;0;0;0;0;0;0;0;0;0;0;0;0;0;0;0;0;0;0;0;0;0;0;0;0;0;0;0;0;0;0;0;0;0;0;0;0;0;0;0;0;0;0;0;0;0;0;0;0;0;0
12/09/2006;0;0;0;0;0;0;0;0;0;0;0;0;0;0;0;0;0;0;0;0;0;0;0;0;0;0;0;0;0;0;0;0;0;0;0;0;0;0;0;0;0;0;0;0;0;0;0;0;0;0;0;0;0;0;0;0;0;0
13/09/2006;0;0;0;0;0;0;0;0;0;0;0;0;0;0;0;0;0;0;0;0;0;0;0;0;0;0;0;0;0;0;0;0;0;0;0;0;0;0;0;0;0;0;0;0;0;0;0;0;0;0;0;0;0;0;0;0;0;0
14/09/2006;0;0;0;0;0;0;0;0;0;0;0;0;0;0;0;0;0;0;0;0;0;0;0;0;0;0;0;0;0;0;0;0;0;0;0;0;0;0;0;0;0;0;0;0;0;0;0;0;0;0;0;0;0;0;0;0;0;0
15/09/2006;0;0;0;0;0;0;0;0;0;0;0;0;0;0;0;0;0;0;0;0;0;0;0;0;0;0;0;0;0;0;0;0;0;0;0;0;0;0;0;0;0;0;0;0;0;0;0;0;0;0;0;0;0;0;0;0;0;0
16/09/2006;0;0;0;0;0;0;0;0;0;0;0;0;0;0;0;0;0;0;0;0;0;0;0;0;0;0;0;0;0;0;0;0;0;0;0;0;0;0;0;0;0;0;0;0;0;0;0;0;0;0;0;0;0;0;0;0;0;0
17/09/2006;0.634;0.612;0.695;1.537;1.879;2.062;1.606;2.424;1.933;0.986;2.678;1.979;1.455;0.956;1.36;1.805;1.659;1.911;0.899;2.53;0.998;1.686;2.238;0.913;1.323;2.442;1.194;0.978;2.18;1.124;1.817;1.7;0.893;0.891;1.552;0.94;0.962;0.875;0.881;1.057;0.962;0.959;0.874;0.896;0.935;0.82;0.788;0.541;0.762;1.238;0.879;1.783;1.295;0.757;1.167;2.67;0.951;0.935
18/09/2006;0.075;0.042;0.085;0.023;0.018;0.017;0.018;0.017;0.017;0.039;0.017;0.032;0.021;0.044;0.026;0.036;0.019;0.034;0.047;0.021;0.039;0.021;0.018;0.042;0.028;0.02;0.035;0.041;0.021;0.021;0.031;0.041;0.043;0.053;0.044;0.049;0.054;0.117;0.098;0.034;0.035;0.023;0.03;0.066;0.081;0.127;0.08;0.151;0.049;0.043;0.035;0.034;0.03;0.026;0.025;0.018;0.034;0.061
19/09/2006;24.597;24.304;25.362;36.091;40.806;43.366;36.982;48.412;41.519;28.733;51.94;42.491;34.794;28.379;33.567;40.153;37.68;41.569;27.58;49.947;28.89;38.096;45.817;27.702;33.064;48.711;31.383;28.477;45.092;30.093;40.241;38.731;27.38;27.555;36.745;28.28;28.72;27.967;27.92;29.413;28.108;27.775;27.177;27.838;28.533;27.292;26.729;23.652;26.133;32.592;27.883;39.859;33.349;26.248;31.19;51.841;28.319;28.422
20/09/2006;0;0;0;0;0;0;0;0;0;0;0;0;0;0;0;0;0;0;0;0;0;0;0;0;0;0;0;0;0;0;0;0;0;0;0;0;0;0;0;0;0;0;0;0;0;0;0;0;0;0;0;0;0;0;0;0;0;0
21/09/2006;7.755;8.655;7.02;3.22;2.753;2.573;2.919;2.177;2.513;4.852;1.841;3.531;2.71;5.028;3.061;3.974;2.662;3.685;4.992;2.207;4.789;2.741;2.348;4.785;3.139;2.242;3.653;4.201;2.667;2.705;3.786;4.206;4.634;5.231;4.643;5.467;5.876;6.417;6.357;3.538;3.721;2.726;5.233;5.821;6.083;6.651;7.337;7.449;7.123;5.963;7.894;4.125;6.071;8.539;4.727;1.856;5.33;6.115
22/09/2006;0.235;0.316;0.191;0.108;0.095;0.088;0.101;0.071;0.086;0.157;0.057;0.11;0.089;0.159;0.097;0.123;0.089;0.113;0.153;0.067;0.155;0.09;0.077;0.15;0.098;0.07;0.112;0.127;0.087;0.089;0.123;0.127;0.143;0.156;0.142;0.171;0.181;0.122;0.145;0.107;0.114;0.086;0.186;0.163;0.155;0.12;0.21;0.123;0.241;0.2;0.293;0.132;0.221;0.332;0.17;0.056;0.184;0.183
23/09/2006;0;0;0;0;0;0;0;0;0;0;0;0;0;0;0;0;0;0;0;0;0;0;0;0;0;0;0;0;0;0;0;0;0;0;0;0;0;0;0;0;0;0;0;0;0;0;0;0;0;0;0;0;0;0;0;0;0;0
24/09/2006;23.97;25.313;23.958;32.649;34.932;36.038;33.327;38.131;35.313;28.37;39.626;34.595;32.411;27.944;31.53;33.302;33.653;34.048;27.455;38.496;28.47;33.672;36.999;27.822;31.217;38.059;30.033;28.397;36.466;30.554;33.7;32.43;27.711;27.067;31.343;27.495;27.258;23.415;24.472;29.32;28.679;29.491;28.149;26.288;25.664;22.587;24.648;19.631;26.121;29.376;27.331;33.251;30.296;26.957;30.145;39.546;28.347;26.702
25/09/2006;1.783;2.104;1.67;2.51;3.024;3.308;2.579;3.85;3.064;1.859;4.217;3.326;2.251;1.83;2.146;3.107;2.608;3.232;1.705;4.025;1.866;2.665;3.558;1.7;2.091;3.884;1.957;1.681;3.521;1.665;3.107;2.957;1.625;1.724;2.787;1.885;1.999;1.698;1.78;1.69;1.56;1.367;1.795;1.817;1.881;1.617;1.931;1.213;1.968;2.559;2.423;3.114;2.738;2.401;2.211;4.205;1.936;1.978
26/09/2006;0;0;0;0;0;0;0;0;0;0;0;0;0;0;0;0;0;0;0;0;0;0;0;0;0;0;0;0;0;0;0;0;0;0;0;0;0;0;0;0;0;0;0;0;0;0;0;0;0;0;0;0;0;0;0;0;0;0
27/09/2006;0;0;0;0;0;0;0;0;0;0;0;0;0;0;0;0;0;0;0;0;0;0;0;0;0;0;0;0;0;0;0;0;0;0;0;0;0;0;0;0;0;0;0;0;0;0;0;0;0;0;0;0;0;0;0;0;0;0
28/09/2006;0;0;0;0;0;0;0;0;0;0;0;0;0;0;0;0;0;0;0;0;0;0;0;0;0;0;0;0;0;0;0;0;0;0;0;0;0;0;0;0;0;0;0;0;0;0;0;0;0;0;0;0;0;0;0;0;0;0
29/09/2006;0;0;0;0;0;0;0;0;0;0;0;0;0;0;0;0;0;0;0;0;0;0;0;0;0;0;0;0;0;0;0;0;0;0;0;0;0;0;0;0;0;0;0;0;0;0;0;0;0;0;0;0;0;0;0;0;0;0
30/09/2006;0;0;0;0;0;0;0;0;0;0;0;0;0;0;0;0;0;0;0;0;0;0;0;0;0;0;0;0;0;0;0;0;0;0;0;0;0;0;0;0;0;0;0;0;0;0;0;0;0;0;0;0;0;0;0;0;0;0
01/10/2006;0.025;0.014;0.028;0.008;0.006;0.006;0.006;0.006;0.006;0.013;0.006;0.011;0.007;0.015;0.009;0.012;0.006;0.011;0.016;0.007;0.013;0.007;0.006;0.014;0.009;0.007;0.012;0.014;0.007;0.007;0.01;0.014;0.014;0.018;0.015;0.016;0.018;0.039;0.033;0.011;0.012;0.008;0.01;0.022;0.027;0.042;0.027;0.05;0.016;0.014;0.012;0.011;0.01;0.009;0.008;0.006;0.011;0.02
02/10/2006;0;0;0;0;0;0;0;0;0;0;0;0;0;0;0;0;0;0;0;0;0;0;0;0;0;0;0;0;0;0;0;0;0;0;0;0;0;0;0;0;0;0;0;0;0;0;0;0;0;0;0;0;0;0;0;0;0;0
03/10/2006;11.503;11.341;11.949;18.617;21.821;23.579;19.176;27.044;22.278;13.797;29.456;23.176;17.618;13.592;16.836;21.629;19.623;22.566;13.039;28.137;13.894;19.935;25.261;13.074;16.503;27.275;15.435;13.513;24.816;14.329;21.641;20.688;12.825;13.08;19.382;13.614;14.007;13.78;13.672;14.036;13.158;12.72;12.74;13.42;14.001;13.377;12.943;11.043;12.388;16.692;13.694;21.442;17.199;12.629;15.446;29.392;13.569;13.861
04/10/2006;0;0;0;0;0;0;0;0;0;0;0;0;0;0;0;0;0;0;0;0;0;0;0;0;0;0;0;0;0;0;0;0;0;0;0;0;0;0;0;0;0;0;0;0;0;0;0;0;0;0;0;0;0;0;0;0;0;0
05/10/2006;0;0;0;0;0;0;0;0;0;0;0;0;0;0;0;0;0;0;0;0;0;0;0;0;0;0;0;0;0;0;0;0;0;0;0;0;0;0;0;0;0;0;0;0;0;0;0;0;0;0;0;0;0;0;0;0;0;0
06/10/2006;0.05;0.028;0.056;0.015;0.012;0.011;0.012;0.011;0.011;0.026;0.011;0.021;0.014;0.029;0.017;0.024;0.013;0.023;0.031;0.014;0.026;0.014;0.012;0.028;0.019;0.014;0.023;0.027;0.014;0.014;0.02;0.027;0.029;0.035;0.029;0.033;0.036;0.078;0.065;0.023;0.024;0.016;0.02;0.044;0.054;0.084;0.053;0.1;0.033;0.028;0.023;0.023;0.02;0.018;0.017;0.012;0.023;0.041
07/10/2006;6.232;3.56;7.068;2.112;1.743;1.714;1.76;1.811;1.711;3.372;1.858;2.948;1.909;3.726;2.34;3.282;1.813;3.147;4.001;2.189;3.344;2.005;1.862;3.607;2.475;2.078;3.016;3.475;2.085;1.851;2.81;3.633;3.648;4.472;3.87;4.153;4.602;9.805;8.176;2.942;3.033;2.038;2.567;5.574;6.847;10.554;6.707;12.476;4.165;3.705;3.029;3.107;2.707;2.289;2.222;1.911;2.928;5.162
08/10/2006;8.838;8.729;9.064;11.53;12.205;12.543;11.728;13.211;12.349;10.208;13.694;12.13;11.524;10.103;11.271;11.733;11.87;11.974;10.006;13.356;10.244;11.886;12.87;10.095;11.186;13.213;10.834;10.339;12.694;10.995;11.818;11.492;10.094;9.915;11.142;9.956;9.876;9.356;9.459;10.644;10.444;10.716;9.981;9.735;9.674;9.177;9.159;8.451;9.291;10.345;9.359;11.671;10.461;9.052;10.585;13.676;10.065;9.75
09/10/2006;4.969;3.888;5.562;6.963;7.568;7.912;7.089;8.644;7.733;5.837;9.175;7.754;6.973;5.82;6.811;7.409;7.282;7.643;5.818;8.898;5.872;7.345;8.307;5.812;6.76;8.72;6.512;6.095;8.158;6.447;7.371;7.252;5.848;5.842;6.923;5.745;5.746;6.793;6.391;6.323;6.131;6.234;5.308;5.923;6.223;6.82;5.491;6.602;4.854;5.901;4.445;7.271;5.683;3.818;5.858;9.172;5.487;5.763
10/10/2006;2.519;2.319;2.798;5.242;5.746;5.981;5.436;6.45;5.885;4.069;6.803;5.483;5.366;3.957;5.127;5.143;5.576;5.353;3.903;6.514;4.104;5.56;6.215;4.014;5.056;6.429;4.719;4.295;6.033;5.07;5.25;4.942;4.048;3.781;4.633;3.757;3.601;3.028;3.148;4.641;4.481;4.901;3.872;3.506;3.373;2.849;2.787;2.193;2.986;3.872;2.873;5.077;3.94;2.567;4.345;6.787;3.887;3.457
11/10/2006;0.572;0.603;0.591;1.219;1.535;1.708;1.272;2.047;1.575;0.76;2.282;1.679;1.108;0.741;1.034;1.53;1.31;1.619;0.681;2.154;0.769;1.342;1.871;0.684;1.001;2.069;0.9;0.715;1.831;0.777;1.531;1.437;0.655;0.687;1.314;0.749;0.795;0.734;0.737;0.757;0.672;0.613;0.671;0.725;0.777;0.692;0.702;0.457;0.666;1.076;0.827;1.517;1.14;0.743;0.935;2.275;0.753;0.78
12/10/2006;0;0;0;0;0;0;0;0;0;0;0;0;0;0;0;0;0;0;0;0;0;0;0;0;0;0;0;0;0;0;0;0;0;0;0;0;0;0;0;0;0;0;0;0;0;0;0;0;0;0;0;0;0;0;0;0;0;0
13/10/2006;4.583;4.085;4.577;1.699;1.403;1.321;1.483;1.19;1.307;2.683;1.072;2.034;1.465;2.853;1.724;2.3;1.406;2.152;2.928;1.31;2.652;1.49;1.277;2.735;1.794;1.293;2.145;2.488;1.459;1.465;2.091;2.494;2.696;3.154;2.727;3.137;3.414;5.188;4.672;2.091;2.188;1.539;2.577;3.694;4.17;5.501;4.572;6.379;3.727;3.155;3.643;2.301;2.886;3.65;2.279;1.094;2.716;3.669
14/10/2006;0.549;0.738;0.445;0.253;0.222;0.206;0.236;0.166;0.2;0.366;0.132;0.256;0.209;0.37;0.227;0.287;0.209;0.264;0.356;0.156;0.361;0.21;0.18;0.35;0.23;0.163;0.26;0.297;0.203;0.208;0.286;0.297;0.333;0.363;0.331;0.399;0.423;0.285;0.339;0.251;0.265;0.202;0.433;0.381;0.361;0.281;0.491;0.288;0.563;0.467;0.683;0.309;0.515;0.774;0.397;0.132;0.43;0.426
15/10/2006;0;0;0;0;0;0;0;0;0;0;0;0;0;0;0;0;0;0;0;0;0;0;0;0;0;0;0;0;0;0;0;0;0;0;0;0;0;0;0;0;0;0;0;0;0;0;0;0;0;0;0;0;0;0;0;0;0;0
16/10/2006;0;0;0;0;0;0;0;0;0;0;0;0;0;0;0;0;0;0;0;0;0;0;0;0;0;0;0;0;0;0;0;0;0;0;0;0;0;0;0;0;0;0;0;0;0;0;0;0;0;0;0;0;0;0;0;0;0;0
17/10/2006;0;0;0;0;0;0;0;0;0;0;0;0;0;0;0;0;0;0;0;0;0;0;0;0;0;0;0;0;0;0;0;0;0;0;0;0;0;0;0;0;0;0;0;0;0;0;0;0;0;0;0;0;0;0;0;0;0;0
18/10/2006;7.409;7.167;8.078;16.204;18.692;19.967;16.859;22.477;19.173;11.625;24.274;18.745;15.981;11.292;15.128;17.35;17.329;18.197;10.907;23.084;11.741;17.433;21.189;11.163;14.828;22.524;13.648;11.908;20.62;13.875;17.593;16.499;11.106;10.66;15.285;10.893;10.751;9.16;9.462;12.846;12.125;12.784;10.821;10.22;10.144;8.576;8.555;6.092;8.865;12.597;9.359;17.151;13.043;8.339;13.013;24.211;11.211;10.367
19/10/2006;2.924;3.168;2.702;1.459;1.374;1.358;1.362;1.316;1.303;1.922;1.265;1.705;1.253;1.985;1.363;1.824;1.287;1.747;1.964;1.364;1.902;1.326;1.329;1.885;1.384;1.35;1.544;1.693;1.432;1.163;1.749;1.887;1.827;2.058;2.008;2.146;2.307;2.607;2.546;1.466;1.508;1.132;2.006;2.295;2.43;2.694;2.829;2.95;2.683;2.387;2.956;1.867;2.415;3.132;1.895;1.27;2.069;2.398
20/10/2006;15.23;15.086;15.55;20.446;23.055;24.506;20.86;27.364;23.407;16.664;29.346;24.342;19.536;16.531;18.943;23.115;21.206;23.858;16.075;28.301;16.737;21.485;25.894;16.061;18.68;27.578;17.873;16.351;25.57;16.776;23.08;22.371;15.836;16.16;21.341;16.622;17.022;17.132;16.961;16.683;15.974;15.439;15.79;16.567;17.143;16.857;16.406;15.085;15.801;19.243;16.94;22.969;19.636;16.094;17.98;29.296;16.512;16.954
21/10/2006;0.275;0.369;0.223;0.126;0.111;0.103;0.118;0.083;0.1;0.183;0.066;0.128;0.104;0.185;0.114;0.144;0.104;0.132;0.178;0.078;0.18;0.105;0.09;0.175;0.115;0.081;0.13;0.148;0.102;0.104;0.143;0.148;0.167;0.181;0.165;0.199;0.212;0.143;0.17;0.125;0.132;0.101;0.216;0.191;0.181;0.14;0.245;0.144;0.281;0.234;0.341;0.154;0.257;0.387;0.199;0.066;0.215;0.213
22/10/2006;0;0;0;0;0;0;0;0;0;0;0;0;0;0;0;0;0;0;0;0;0;0;0;0;0;0;0;0;0;0;0;0;0;0;0;0;0;0;0;0;0;0;0;0;0;0;0;0;0;0;0;0;0;0;0;0;0;0
23/10/2006;10.331;10.982;10.077;11.245;11.968;12.365;11.339;13.112;12.01;10.365;13.614;12.403;10.845;10.32;10.698;12.104;11.36;12.268;10.125;13.349;10.373;11.439;12.702;10.122;10.619;13.154;10.437;10.058;12.662;10.003;12.112;11.888;10.001;10.147;11.663;10.41;10.584;9.946;10.136;10.048;9.87;9.568;10.338;10.271;10.324;9.812;10.492;9.197;10.649;11.436;11.41;12.132;11.749;11.46;10.916;13.595;10.532;10.544
24/10/2006;0;0;0;0;0;0;0;0;0;0;0;0;0;0;0;0;0;0;0;0;0;0;0;0;0;0;0;0;0;0;0;0;0;0;0;0;0;0;0;0;0;0;0;0;0;0;0;0;0;0;0;0;0;0;0;0;0;0
25/10/2006;0;0;0;0;0;0;0;0;0;0;0;0;0;0;0;0;0;0;0;0;0;0;0;0;0;0;0;0;0;0;0;0;0;0;0;0;0;0;0;0;0;0;0;0;0;0;0;0;0;0;0;0;0;0;0;0;0;0
26/10/2006;0;0;0;0;0;0;0;0;0;0;0;0;0;0;0;0;0;0;0;0;0;0;0;0;0;0;0;0;0;0;0;0;0;0;0;0;0;0;0;0;0;0;0;0;0;0;0;0;0;0;0;0;0;0;0;0;0;0
27/10/2006;2.042;2.042;2.186;4.542;5.496;6.007;4.736;7.01;5.643;3.013;7.714;5.775;4.304;2.928;4.04;5.292;4.878;5.583;2.763;7.302;3.046;4.953;6.492;2.803;3.935;7.06;3.575;2.974;6.335;3.377;5.328;4.995;2.742;2.738;4.586;2.885;2.949;2.633;2.674;3.191;2.926;2.913;2.72;2.747;2.841;2.472;2.459;1.677;2.422;3.739;2.783;5.236;3.916;2.467;3.535;7.693;2.933;2.868
28/10/2006;1.604;1.573;1.75;4.117;5.255;5.879;4.315;7.107;5.415;2.41;7.962;5.737;3.758;2.337;3.48;5.189;4.471;5.52;2.138;7.494;2.444;4.582;6.474;2.151;3.361;7.188;2.983;2.302;6.317;2.588;5.194;4.854;2.06;2.151;4.392;2.346;2.487;2.377;2.349;2.485;2.173;2.014;2.043;2.271;2.472;2.231;2.109;1.396;1.927;3.449;2.407;5.125;3.637;2.039;3.003;7.938;2.337;2.434
29/10/2006;0;0;0;0;0;0;0;0;0;0;0;0;0;0;0;0;0;0;0;0;0;0;0;0;0;0;0;0;0;0;0;0;0;0;0;0;0;0;0;0;0;0;0;0;0;0;0;0;0;0;0;0;0;0;0;0;0;0
30/10/2006;0;0;0;0;0;0;0;0;0;0;0;0;0;0;0;0;0;0;0;0;0;0;0;0;0;0;0;0;0;0;0;0;0;0;0;0;0;0;0;0;0;0;0;0;0;0;0;0;0;0;0;0;0;0;0;0;0;0
31/10/2006;0;0;0;0;0;0;0;0;0;0;0;0;0;0;0;0;0;0;0;0;0;0;0;0;0;0;0;0;0;0;0;0;0;0;0;0;0;0;0;0;0;0;0;0;0;0;0;0;0;0;0;0;0;0;0;0;0;0
01/11/2006;14.347;13.476;14.506;12.48;13.384;14.018;12.353;15.318;13.415;12.06;16.175;15.074;11.624;12.262;11.726;14.852;12.412;15.008;12.141;16.003;12.049;12.695;14.68;11.825;11.699;15.595;11.835;11.582;14.8;10.168;14.498;14.77;11.644;12.549;14.599;12.764;13.42;16.318;15.401;11.12;10.902;9.58;11.43;13.628;14.694;16.672;14.95;17.143;13.278;14.178;13.746;14.777;13.956;13.312;12.108;16.184;12.034;13.793
02/11/2006;8.809;10.833;7.573;4.153;3.746;3.574;3.871;3.133;3.447;5.814;2.75;4.488;3.485;5.938;3.804;4.932;3.521;4.615;5.786;3.1;5.74;3.582;3.286;5.625;3.857;3.149;4.352;4.888;3.635;3.376;4.82;5.108;5.399;5.97;5.581;6.406;6.841;5.994;6.401;4.168;4.357;3.29;6.536;6.45;6.443;6.071;8.149;6.488;8.607;7.327;10.045;5.184;7.794;11.106;6.051;2.753;6.589;6.99
03/11/2006;10.052;9.503;10.67;15.297;16.152;16.538;15.663;17.321;16.422;13.138;17.921;15.539;15.63;12.926;15.183;14.923;15.94;15.307;12.86;17.401;13.208;15.894;16.937;13.081;15.059;17.27;14.425;13.657;16.582;15.214;15.132;14.566;13.176;12.613;13.996;12.507;12.161;11.171;11.364;14.35;14.069;14.97;12.747;12.041;11.769;10.846;10.557;9.67;10.911;12.517;10.518;14.783;12.583;9.89;13.569;17.894;12.736;11.882
04/11/2006;2.134;1.804;2.177;0.87;0.766;0.749;0.774;0.734;0.731;1.272;0.712;1.084;0.76;1.355;0.875;1.19;0.751;1.134;1.392;0.809;1.26;0.796;0.754;1.298;0.906;0.789;1.06;1.199;0.832;0.728;1.085;1.275;1.283;1.504;1.365;1.486;1.62;2.569;2.285;1.023;1.057;0.751;1.181;1.773;2.027;2.724;2.166;3.141;1.705;1.499;1.627;1.18;1.349;1.583;1.072;0.723;1.261;1.746
05/11/2006;0;0;0;0;0;0;0;0;0;0;0;0;0;0;0;0;0;0;0;0;0;0;0;0;0;0;0;0;0;0;0;0;0;0;0;0;0;0;0;0;0;0;0;0;0;0;0;0;0;0;0;0;0;0;0;0;0;0
06/11/2006;0;0;0;0;0;0;0;0;0;0;0;0;0;0;0;0;0;0;0;0;0;0;0;0;0;0;0;0;0;0;0;0;0;0;0;0;0;0;0;0;0;0;0;0;0;0;0;0;0;0;0;0;0;0;0;0;0;0
07/11/2006;0;0;0;0;0;0;0;0;0;0;0;0;0;0;0;0;0;0;0;0;0;0;0;0;0;0;0;0;0;0;0;0;0;0;0;0;0;0;0;0;0;0;0;0;0;0;0;0;0;0;0;0;0;0;0;0;0;0
08/11/2006;10.859;12.055;10.602;14.712;15.612;16.016;15.024;16.741;15.743;12.949;17.26;15.262;14.633;12.72;14.231;14.736;15.114;15.023;12.471;16.79;12.988;15.081;16.322;12.685;14.088;16.656;13.56;12.885;16.095;13.956;14.981;14.347;12.622;12.234;13.92;12.486;12.323;9.71;10.482;13.304;13.058;13.519;13.085;11.729;11.217;9.244;10.968;7.753;12.098;13.328;12.873;14.77;13.913;12.956;13.87;17.219;13.081;12.003
09/11/2006;3.482;3.34;3.8;6.981;7.506;7.73;7.229;8.173;7.672;5.593;8.517;7.019;7.214;5.437;6.912;6.627;7.393;6.867;5.381;8.183;5.638;7.346;7.949;5.548;6.828;8.119;6.404;5.912;7.716;6.995;6.793;6.389;5.607;5.192;6.03;5.144;4.891;3.889;4.131;6.378;6.206;6.846;5.421;4.75;4.479;3.634;3.746;2.784;4.162;5.15;3.987;6.556;5.26;3.662;5.93;8.497;5.378;4.677
10/11/2006;2.293;2.356;2.356;3.691;4.075;4.268;3.797;4.642;4.145;2.979;4.909;4.058;3.655;2.92;3.517;3.842;3.863;3.971;2.852;4.723;2.996;3.874;4.446;2.9;3.468;4.642;3.279;3.008;4.357;3.335;3.891;3.705;2.887;2.803;3.519;2.853;2.824;2.425;2.522;3.157;3.047;3.162;2.888;2.711;2.663;2.316;2.446;1.889;2.57;3.136;2.695;3.82;3.237;2.573;3.225;4.898;2.938;2.751
11/11/2006;15.668;15.996;15.509;16.1;16.874;17.326;16.156;18.199;16.919;15.279;18.783;17.555;15.614;15.281;15.511;17.262;16.189;17.431;15.101;18.528;15.285;16.309;17.736;15.037;15.44;18.288;15.313;14.947;17.722;14.64;17.2;17.067;14.906;15.198;16.844;15.449;15.715;15.787;15.752;14.856;14.665;14.17;15.122;15.508;15.763;15.747;15.928;15.335;15.715;16.553;16.409;17.266;16.756;16.348;15.734;18.769;15.399;15.755
12/11/2006;4.815;4.726;4.813;4.776;5.319;5.656;4.784;6.325;5.355;4.271;6.773;5.944;4.404;4.308;4.369;5.754;4.821;5.871;4.207;6.612;4.273;4.931;5.983;4.12;4.33;6.42;4.285;4.052;5.991;3.675;5.658;5.644;4.031;4.327;5.495;4.471;4.71;5.351;5.139;3.941;3.805;3.348;4.051;4.67;5;5.403;5.074;5.299;4.628;5.226;4.991;5.733;5.259;4.844;4.478;6.768;4.296;4.798
13/11/2006;1.783;1.674;1.93;3.351;3.802;4.036;3.466;4.501;3.892;2.524;4.834;3.829;3.311;2.469;3.161;3.577;3.556;3.731;2.404;4.619;2.545;3.578;4.265;2.445;3.108;4.514;2.898;2.585;4.162;2.926;3.613;3.426;2.437;2.367;3.205;2.4;2.379;2.191;2.213;2.752;2.62;2.73;2.356;2.303;2.313;2.098;2.007;1.676;2.013;2.697;2.071;3.535;2.756;1.863;2.755;4.823;2.434;2.318
14/11/2006;5.956;5.876;6.078;7.315;7.687;7.878;7.415;8.255;7.763;6.617;8.527;7.687;7.293;6.567;7.163;7.475;7.491;7.605;6.514;8.347;6.635;7.505;8.063;6.553;7.119;8.263;6.939;6.675;7.974;6.984;7.511;7.348;6.549;6.476;7.162;6.502;6.475;6.275;6.306;6.823;6.714;6.826;6.483;6.408;6.401;6.19;6.137;5.825;6.166;6.736;6.21;7.441;6.79;6.039;6.813;8.517;6.541;6.418
15/11/2006;19.278;19.813;18.917;18.641;19.761;20.45;18.636;21.781;19.776;17.776;22.655;21.131;17.722;17.845;17.667;20.781;18.636;20.979;17.565;22.35;17.768;18.862;21.074;17.386;17.58;21.96;17.531;17.097;21.141;16.139;20.603;20.545;17.142;17.812;20.3;18.248;18.806;19.435;19.244;16.76;16.499;15.397;17.547;18.531;19.099;19.48;19.641;19.138;19.057;20.116;20.27;20.809;20.395;20.263;18.398;22.64;18.045;18.967
16/11/2006;4.123;3.773;4.497;7.293;7.918;8.218;7.516;8.824;8.088;5.886;9.275;7.669;7.421;5.764;7.144;7.258;7.691;7.514;5.704;8.928;5.928;7.685;8.524;5.821;7.061;8.811;6.668;6.157;8.31;7.026;7.366;7.021;5.861;5.578;6.646;5.543;5.38;4.906;4.98;6.555;6.358;6.814;5.606;5.299;5.199;4.718;4.48;3.985;4.607;5.697;4.441;7.17;5.744;4.032;6.188;9.258;5.647;5.228
17/11/2006;0.879;0.986;0.862;1.476;1.786;1.956;1.527;2.283;1.821;1.039;2.508;1.931;1.354;1.017;1.281;1.788;1.557;1.871;0.952;2.384;1.046;1.587;2.11;0.955;1.248;2.302;1.151;0.973;2.075;1.022;1.793;1.695;0.921;0.955;1.579;1.031;1.079;0.937;0.969;1.006;0.924;0.855;0.975;0.989;1.026;0.888;0.989;0.639;0.994;1.381;1.199;1.782;1.467;1.146;1.232;2.501;1.054;1.061
18/11/2006;0.061;0.059;0.066;0.155;0.198;0.222;0.163;0.268;0.204;0.091;0.3;0.216;0.142;0.088;0.131;0.196;0.169;0.208;0.081;0.283;0.092;0.173;0.244;0.081;0.127;0.271;0.113;0.087;0.238;0.098;0.196;0.183;0.078;0.081;0.166;0.089;0.094;0.09;0.089;0.094;0.082;0.076;0.077;0.086;0.093;0.084;0.08;0.053;0.073;0.13;0.091;0.193;0.137;0.077;0.113;0.3;0.088;0.092
19/11/2006;2.154;2.491;2.05;3.036;3.507;3.761;3.115;4.24;3.55;2.385;4.568;3.713;2.83;2.345;2.716;3.5;3.146;3.62;2.229;4.381;2.395;3.187;3.98;2.242;2.662;4.261;2.514;2.245;3.933;2.321;3.52;3.352;2.18;2.224;3.185;2.368;2.443;2.007;2.13;2.287;2.166;2.055;2.344;2.256;2.266;1.907;2.28;1.474;2.396;2.955;2.805;3.507;3.139;2.792;2.731;4.555;2.454;2.401
20/11/2006;12.999;11.605;14.158;20.955;22.546;23.328;21.505;24.934;23.003;17.376;26.13;22.011;21.306;17.101;20.624;20.965;21.987;21.629;16.993;25.256;17.488;21.991;24.156;17.255;20.425;24.936;19.448;18.154;23.611;20.287;21.19;20.386;17.378;16.717;19.418;16.554;16.162;15.683;15.633;19.16;18.65;19.769;16.498;16.11;16.019;15.293;14.027;13.627;13.989;16.829;13.31;20.697;16.786;12.085;17.987;26.093;16.648;15.835
21/11/2006;6.969;5.723;7.777;11.171;12.368;13.014;11.458;14.35;12.657;8.921;15.314;12.544;11.156;8.824;10.785;11.859;11.775;12.302;8.742;14.748;8.986;11.862;13.707;8.799;10.664;14.438;10.125;9.285;13.413;10.146;11.879;11.5;8.831;8.704;10.87;8.639;8.593;9.35;8.987;9.758;9.391;9.685;8.167;8.671;8.965;9.244;7.789;8.447;7.184;9.149;6.818;11.663;9.006;5.903;9.244;15.297;8.437;8.519
22/11/2006;0.118;0.158;0.095;0.054;0.048;0.044;0.051;0.036;0.043;0.078;0.028;0.055;0.045;0.079;0.049;0.062;0.045;0.057;0.076;0.033;0.077;0.045;0.039;0.075;0.049;0.035;0.056;0.064;0.044;0.044;0.061;0.064;0.071;0.078;0.071;0.085;0.091;0.061;0.073;0.054;0.057;0.043;0.093;0.082;0.077;0.06;0.105;0.062;0.121;0.1;0.146;0.066;0.11;0.166;0.085;0.028;0.092;0.091
23/11/2006;0;0;0;0;0;0;0;0;0;0;0;0;0;0;0;0;0;0;0;0;0;0;0;0;0;0;0;0;0;0;0;0;0;0;0;0;0;0;0;0;0;0;0;0;0;0;0;0;0;0;0;0;0;0;0;0;0;0
24/11/2006;0;0;0;0;0;0;0;0;0;0;0;0;0;0;0;0;0;0;0;0;0;0;0;0;0;0;0;0;0;0;0;0;0;0;0;0;0;0;0;0;0;0;0;0;0;0;0;0;0;0;0;0;0;0;0;0;0;0
25/11/2006;0;0;0;0;0;0;0;0;0;0;0;0;0;0;0;0;0;0;0;0;0;0;0;0;0;0;0;0;0;0;0;0;0;0;0;0;0;0;0;0;0;0;0;0;0;0;0;0;0;0;0;0;0;0;0;0;0;0
26/11/2006;11.569;10.553;12.955;22.447;21.9;21.276;23.156;20.082;22.317;20.157;19.44;18.043;24.718;19.579;23.965;17.585;23.584;17.884;19.896;19.055;20.293;23.037;20.735;20.702;23.882;19.589;22.783;22.194;19.973;26.948;18.395;17.331;21.284;18.903;16.787;18.04;16.328;11.96;13.128;24.087;24.082;27.847;20.199;16.331;14.459;11.119;11.573;9.249;14.002;14.799;11.52;17.365;14.71;10.757;20.081;19.408;19.161;15.411
27/11/2006;36.101;36.19;36.624;41.214;39.259;37.91;41.52;35.235;39.326;41.761;33.513;35.498;43.396;41.362;43.154;35.888;41.576;35.649;41.8;33.837;41.814;40.975;36.612;42.459;43.231;34.694;42.863;43.322;36.244;46.702;36.583;36.103;42.989;40.949;36.333;40.146;38.608;34.225;35.55;44.534;44.963;48.125;42.558;38.652;36.681;33.637;35.226;33.008;37.923;36.372;35.793;35.877;36.315;36.008;41.16;33.509;41.295;37.883
28/11/2006;35.767;39.577;34.215;40.034;43.883;46.007;40.504;49.979;44.067;35.521;52.639;46.342;37.779;35.293;37.031;44.789;40.567;45.632;34.218;51.254;35.554;41.002;47.785;34.178;36.61;50.209;35.697;33.728;47.617;33.213;44.82;43.646;33.493;34.364;42.5;35.85;36.85;33.283;34.369;33.571;32.635;30.849;35.478;35.107;35.387;32.566;36.544;29.303;37.456;41.529;41.781;44.977;43.287;42.203;38.535;52.535;36.533;36.659
29/11/2006;36.753;41.13;34.373;31.106;31.363;31.561;30.825;31.72;30.944;32.506;31.693;32.856;29.615;32.594;29.879;33.156;30.288;32.869;32.083;31.884;32.404;30.446;31.474;31.886;29.849;31.752;30.335;30.668;31.944;28.468;33.062;33.126;31.383;32.327;33.576;33.373;34.192;31.296;32.416;29.601;29.679;27.795;33.741;33.058;32.909;31.144;35.824;30.785;37.127;36.097;40.468;33.615;37.356;42.318;33.705;31.667;33.996;34.295
30/11/2006;21.1;24.036;20.121;26.735;29.39;30.768;27.25;33.315;29.599;22.954;35.051;30.213;25.599;22.631;24.868;28.988;27.362;29.654;21.889;33.958;23.006;27.536;31.889;22.073;24.536;33.342;23.609;22.048;31.597;22.817;29.235;28.084;21.691;21.733;27.144;22.672;22.987;18.825;20.07;22.368;21.698;21.293;23.069;21.603;21.247;18.045;21.562;15.101;23.068;26.138;25.841;29.11;27.521;26.125;25.244;34.964;23.559;22.594
01/12/2006;4.025;4.425;3.904;5.026;5.501;5.751;5.114;6.222;5.544;4.345;6.544;5.666;4.832;4.294;4.706;5.446;5.144;5.569;4.173;6.349;4.355;5.18;5.964;4.198;4.649;6.234;4.487;4.207;5.91;4.333;5.479;5.29;4.136;4.155;5.117;4.303;4.363;3.79;3.956;4.266;4.144;4.068;4.324;4.153;4.126;3.671;4.138;3.189;4.322;4.89;4.752;5.457;5.097;4.756;4.716;6.53;4.422;4.305
02/12/2006;0.061;0.059;0.066;0.155;0.198;0.222;0.163;0.268;0.204;0.091;0.3;0.216;0.142;0.088;0.131;0.196;0.169;0.208;0.081;0.283;0.092;0.173;0.244;0.081;0.127;0.271;0.113;0.087;0.238;0.098;0.196;0.183;0.078;0.081;0.166;0.089;0.094;0.09;0.089;0.094;0.082;0.076;0.077;0.086;0.093;0.084;0.08;0.053;0.073;0.13;0.091;0.193;0.137;0.077;0.113;0.3;0.088;0.092
03/12/2006;0;0;0;0;0;0;0;0;0;0;0;0;0;0;0;0;0;0;0;0;0;0;0;0;0;0;0;0;0;0;0;0;0;0;0;0;0;0;0;0;0;0;0;0;0;0;0;0;0;0;0;0;0;0;0;0;0;0
04/12/2006;0;0;0;0;0;0;0;0;0;0;0;0;0;0;0;0;0;0;0;0;0;0;0;0;0;0;0;0;0;0;0;0;0;0;0;0;0;0;0;0;0;0;0;0;0;0;0;0;0;0;0;0;0;0;0;0;0;0
05/12/2006;3.724;3.651;4.062;9.555;12.195;13.643;10.014;16.494;12.567;5.593;18.477;13.314;8.721;5.423;8.076;12.042;10.377;12.81;4.961;17.391;5.672;10.633;15.024;4.991;7.801;16.682;6.923;5.342;14.661;6.005;12.054;11.264;4.781;4.993;10.193;5.444;5.772;5.517;5.451;5.766;5.044;4.674;4.742;5.271;5.737;5.178;4.895;3.24;4.471;8.005;5.585;11.893;8.441;4.732;6.97;18.423;5.423;5.648
06/12/2006;9.038;8.438;9.901;19.294;23.012;25.006;20.07;28.955;23.637;13.173;31.737;24.016;18.502;12.847;17.456;22.097;20.692;23.268;12.264;30.107;13.313;20.98;26.938;12.425;17.051;29.161;15.605;13.222;26.278;14.962;22.225;20.946;12.239;12.165;19.294;12.619;12.807;12.133;12.091;14.162;13.113;13.211;11.846;12.181;12.63;11.552;10.807;8.551;10.391;15.676;11.405;21.817;16.188;9.922;15.049;31.658;12.677;12.505
07/12/2006;21.547;22.793;21.777;34.515;39.13;41.542;35.539;46.208;39.81;26.952;49.481;40.054;33.4;26.427;32.016;37.686;36.158;39.083;25.523;47.435;27.113;36.442;43.751;25.853;31.472;46.34;29.606;26.638;42.954;29.025;38.029;36.162;25.524;25.241;34.18;26.106;26.277;22.67;23.537;27.797;26.528;26.748;25.955;24.904;24.849;21.623;23.269;17.155;24.129;30.412;26.425;37.513;31.683;25.323;29.897;49.358;26.825;25.69
08/12/2006;8.438;7.057;8.62;3.035;2.483;2.342;2.621;2.148;2.325;4.856;1.967;3.721;2.635;5.2;3.135;4.213;2.513;3.951;5.38;2.413;4.802;2.686;2.301;4.994;3.275;2.366;3.942;4.583;2.633;2.638;3.783;4.595;4.945;5.836;5.012;5.732;6.259;10.182;9.014;3.849;4.023;2.802;4.513;6.916;7.936;10.835;8.524;12.635;6.644;5.642;6.246;4.174;4.997;6.09;3.963;2.014;4.805;6.78
09/12/2006;0;0;0;0;0;0;0;0;0;0;0;0;0;0;0;0;0;0;0;0;0;0;0;0;0;0;0;0;0;0;0;0;0;0;0;0;0;0;0;0;0;0;0;0;0;0;0;0;0;0;0;0;0;0;0;0;0;0
10/12/2006;6.948;7.921;6.661;8.827;9.159;9.28;8.986;9.462;9.197;8.086;9.595;8.822;8.828;7.947;8.627;8.608;8.991;8.713;7.811;9.395;8.101;8.943;9.331;7.953;8.558;9.381;8.301;8.02;9.227;8.637;8.777;8.424;7.92;7.647;8.261;7.801;7.67;5.777;6.36;8.236;8.15;8.466;8.316;7.279;6.859;5.483;6.861;4.648;7.745;8.17;8.253;8.662;8.566;8.463;8.607;9.571;8.24;7.461
11/12/2006;3.509;4.034;3.362;5.291;6.294;6.841;5.448;7.889;6.391;3.922;8.606;6.785;4.854;3.851;4.624;6.335;5.526;6.594;3.62;8.213;3.942;5.625;7.328;3.632;4.514;7.947;4.215;3.649;7.23;3.759;6.354;6.032;3.505;3.632;5.673;3.913;4.088;3.461;3.625;3.727;3.467;3.201;3.77;3.749;3.842;3.286;3.822;2.452;3.918;5.128;4.701;6.333;5.457;4.604;4.595;8.581;4.025;4.025
12/12/2006;2.422;2.292;2.376;1.122;1.038;1.029;1.028;1.019;0.993;1.523;0.998;1.366;0.974;1.598;1.084;1.47;0.988;1.41;1.613;1.09;1.509;1.033;1.029;1.524;1.11;1.068;1.261;1.395;1.114;0.908;1.375;1.542;1.493;1.719;1.638;1.74;1.884;2.605;2.399;1.204;1.237;0.906;1.489;1.977;2.192;2.735;2.417;3.085;2.063;1.845;2.113;1.477;1.759;2.141;1.391;1.006;1.566;1.997
13/12/2006;0.863;0.846;0.941;2.214;2.826;3.161;2.32;3.822;2.912;1.296;4.281;3.085;2.021;1.257;1.871;2.79;2.404;2.968;1.15;4.03;1.314;2.464;3.481;1.156;1.808;3.865;1.604;1.238;3.397;1.391;2.793;2.61;1.108;1.157;2.362;1.261;1.337;1.278;1.263;1.336;1.169;1.083;1.099;1.221;1.329;1.2;1.134;0.751;1.036;1.855;1.294;2.756;1.956;1.096;1.615;4.269;1.256;1.309
14/12/2006;12.318;12.421;11.913;8.32;8.705;9.055;8.058;9.746;8.577;8.975;10.155;10.36;7.383;9.213;7.654;10.46;7.933;10.398;9.084;10.242;8.929;8.178;9.386;8.746;7.676;9.973;8.069;8.204;9.663;6.32;10.111;10.526;8.515;9.505;10.665;9.833;10.545;12.682;12.075;7.479;7.43;5.893;8.808;10.601;11.467;13.043;12.461;13.776;11.262;11.209;12.166;10.512;11.178;12.305;9.001;10.168;9.288;10.934
15/12/2006;3.308;3.457;3.093;1.327;1.123;1.052;1.19;0.907;1.031;2.028;0.782;1.494;1.125;2.118;1.286;1.684;1.097;1.566;2.124;0.943;2.002;1.14;0.976;2.02;1.325;0.949;1.555;1.793;1.111;1.123;1.581;1.796;1.967;2.246;1.977;2.311;2.493;3.057;2.921;1.509;1.585;1.146;2.114;2.541;2.727;3.197;3.184;3.63;2.928;2.459;3.133;1.728;2.429;3.323;1.898;0.791;2.174;2.621
16/12/2006;10.575;10.798;9.99;4.192;3.536;3.314;3.745;2.875;3.253;6.437;2.495;4.763;3.562;6.741;4.091;5.372;3.467;5;6.785;3.015;6.357;3.611;3.094;6.434;4.221;3.026;4.967;5.733;3.522;3.558;5.019;5.744;6.278;7.195;6.314;7.363;7.956;10.112;9.561;4.824;5.063;3.647;6.633;8.185;8.856;10.601;10.235;12.085;9.242;7.772;9.767;5.492;7.594;10.282;5.943;2.529;6.845;8.392
17/12/2006;36.712;38.869;36.248;40.954;39.304;38.108;41.255;35.623;39.249;41.536;33.988;35.892;42.605;41.089;42.337;36.255;41.131;35.982;41.267;34.257;41.562;40.561;36.824;41.936;42.363;35.05;42.012;42.414;36.559;45.373;37.01;36.349;42.27;40.411;36.634;40.065;38.746;32.301;34.339;43.377;43.777;46.45;42.882;38.171;35.921;31.494;35.478;30.256;39.113;37.478;38.446;36.433;38.085;39.414;41.658;33.962;41.674;37.94
18/12/2006;3.534;3.238;3.952;6.988;6.979;6.88;7.218;6.697;7.12;6.108;6.623;5.933;7.594;5.932;7.342;5.73;7.361;5.859;5.997;6.452;6.151;7.218;6.802;6.231;7.302;6.566;6.937;6.679;6.563;8.083;5.963;5.613;6.386;5.714;5.397;5.491;5.017;3.747;4.079;7.247;7.205;8.267;6.072;4.99;4.478;3.487;3.601;2.84;4.276;4.703;3.624;5.658;4.702;3.357;6.163;6.611;5.812;4.746
19/12/2006;0;0;0;0;0;0;0;0;0;0;0;0;0;0;0;0;0;0;0;0;0;0;0;0;0;0;0;0;0;0;0;0;0;0;0;0;0;0;0;0;0;0;0;0;0;0;0;0;0;0;0;0;0;0;0;0;0;0
20/12/2006;1.945;2.167;1.762;0.807;0.69;0.645;0.731;0.546;0.63;1.216;0.462;0.885;0.679;1.261;0.767;0.996;0.667;0.924;1.252;0.554;1.201;0.687;0.589;1.2;0.787;0.562;0.916;1.054;0.668;0.678;0.949;1.055;1.162;1.312;1.164;1.371;1.474;1.614;1.597;0.887;0.933;0.683;1.311;1.461;1.528;1.673;1.841;1.875;1.785;1.494;1.976;1.034;1.52;2.137;1.184;0.466;1.335;1.534
21/12/2006;5.772;5.324;6.115;7.927;8.373;8.597;8.075;9.058;8.502;6.94;9.4;8.254;8.018;6.87;7.834;7.964;8.212;8.15;6.844;9.159;6.971;8.218;8.836;6.909;7.781;9.065;7.516;7.159;8.687;7.722;8.017;7.807;6.944;6.778;7.538;6.726;6.628;6.606;6.556;7.43;7.287;7.577;6.674;6.633;6.636;6.512;6.074;6.081;6.006;6.803;5.796;7.885;6.771;5.434;7.091;9.391;6.726;6.548
22/12/2006;5.686;5.301;5.784;4.24;3.47;3.052;4.114;2.25;3.392;5.311;1.701;3.115;4.56;5.369;4.743;3.466;4.05;3.264;5.544;2.006;5.295;3.977;2.679;5.53;4.827;2.208;5.065;5.506;2.76;5.39;3.447;3.7;5.623;5.54;3.981;5.332;5.207;5.701;5.574;5.432;5.633;5.814;5.432;5.465;5.402;5.84;5.441;6.491;5.36;4.42;4.781;3.469;4.172;4.865;4.797;1.72;5.242;5.261
23/12/2006;17.389;18.189;16.247;6.979;5.908;5.533;6.259;4.768;5.423;10.662;4.109;7.855;5.915;11.134;6.763;8.853;5.77;8.233;11.167;4.955;10.527;5.992;5.134;10.619;6.966;4.989;8.173;9.425;5.841;5.907;8.315;9.441;10.341;11.804;10.39;12.146;13.106;16.04;15.336;7.933;8.331;6.028;11.124;13.352;14.32;16.77;16.73;19.04;15.399;12.934;16.49;9.088;12.783;17.494;9.989;4.159;11.438;13.776
24/12/2006;40.582;45.247;39.547;52.201;52.068;51.513;53.1;50.144;52.241;49.61;49.317;47.731;53.824;48.704;52.794;47.162;53.117;47.389;48.426;48.746;49.709;52.439;50.674;49.546;52.558;49.362;51.21;50.41;49.976;55.568;48.437;46.545;49.783;47.059;46.078;47.171;45.448;33.521;37.197;52.21;52.195;55.921;51.36;43.697;40.292;31.774;39.414;27.662;45.499;45.963;46.28;47.429;47.735;47.533;51.472;49.212;50.04;43.978
25/12/2006;7.278;5.237;7.807;2.746;2.359;2.313;2.381;2.341;2.277;4.159;2.328;3.592;2.434;4.5;2.877;3.966;2.366;3.791;4.717;2.683;4.121;2.553;2.404;4.331;3.006;2.587;3.578;4.079;2.666;2.34;3.519;4.309;4.325;5.176;4.601;4.972;5.459;9.999;8.602;3.469;3.58;2.482;3.559;6.262;7.413;10.686;7.594;12.483;5.38;4.757;4.628;3.853;3.946;4.15;3.175;2.376;3.899;5.992
26/12/2006;11.112;10.553;12.216;23.787;26.659;28.063;24.71;30.841;27.32;17.851;32.872;25.97;23.974;17.341;22.807;24.208;25.363;25.283;16.949;31.371;18.016;25.381;29.426;17.411;22.433;30.804;20.805;18.605;28.593;21.893;24.652;23.143;17.462;16.463;21.578;16.56;16.054;13.38;13.94;20.103;19.238;20.768;16.874;15.439;14.998;12.525;12.501;9.206;13.306;17.942;13.37;23.921;18.436;11.972;19.476;32.79;17.14;15.419
27/12/2006;10.599;13.345;8.962;4.702;4.091;3.81;4.347;3.117;3.697;6.903;2.539;4.903;3.905;7.045;4.31;5.502;3.883;5.075;6.855;3.009;6.808;3.936;3.373;6.675;4.381;3.111;5.012;5.733;3.817;3.892;5.389;5.736;6.396;7.057;6.37;7.61;8.117;6.714;7.34;4.835;5.103;3.831;7.91;7.58;7.467;6.778;9.678;7.269;10.444;8.693;12.293;5.84;9.331;13.725;7.218;2.541;7.923;8.276
28/12/2006;7.495;5.292;8.269;5.964;6.681;7.229;5.826;8.431;6.783;5.57;9.245;8.226;5.406;5.816;5.541;8.032;5.993;8.203;5.857;9.118;5.573;6.267;7.893;5.517;5.55;8.739;5.698;5.494;7.963;4.254;7.621;8.034;5.453;6.29;7.839;6.226;6.776;11.116;9.708;5.155;4.955;3.873;4.58;7.388;8.677;11.633;8.333;12.542;5.994;6.934;5.559;7.838;6.279;4.648;5.146;9.27;5.17;7.221
29/12/2006;5.556;5.204;6.157;12.098;13.526;14.219;12.572;15.595;13.867;9.082;16.605;13.118;12.237;8.819;11.641;12.227;12.911;12.773;8.634;15.847;9.168;12.912;14.897;8.876;11.453;15.57;10.62;9.508;14.465;11.236;12.46;11.692;8.915;8.376;10.896;8.401;8.117;6.772;7.049;10.293;9.858;10.692;8.576;7.825;7.587;6.337;6.264;4.66;6.675;9.019;6.634;12.075;9.248;5.9;9.878;16.564;8.695;7.788
30/12/2006;6.944;6.457;7.678;15.129;17.481;18.696;15.734;21.105;17.944;10.822;22.829;17.602;14.92;10.528;14.132;16.288;16.195;17.092;10.187;21.712;10.932;16.306;19.879;10.405;13.855;21.17;12.76;11.124;19.344;12.914;16.486;15.5;10.36;9.983;14.349;10.168;10.056;8.959;9.111;11.996;11.311;11.892;9.976;9.634;9.658;8.458;8.089;6.227;8.179;11.731;8.524;16.079;12.067;7.468;12.049;22.773;10.373;9.728
31/12/2006;5.31;4.786;5.914;10.428;11.154;11.464;10.783;12.095;11.41;8.423;12.591;10.433;10.826;8.21;10.398;9.87;11.046;10.222;8.166;12.116;8.491;10.979;11.788;8.398;10.285;12.026;9.676;8.974;11.441;10.565;10.093;9.545;8.508;7.902;9.019;7.77;7.385;6.302;6.528;9.671;9.424;10.392;8.084;7.278;6.949;5.975;5.752;4.852;6.181;7.629;5.723;9.738;7.685;5.138;8.801;12.566;8.025;7.096
